experiment_id,date,parent,candidate,gap,mechanism,invariants,development_split,development_result,holdout_hash,holdout_result,btc_result,verdict,reopen_condition
FINAL-QUEUE-065,2026-08-10,"afcd2da plus frozen canonical SCORE-QUEUE-048 binary CE37B6D06F5AD92CDB3921DCCA6CAE21A4D6E688431232A78A7E25DDEF2EE6CF","frozen clean final binary 8A8AD48AD5A9227AA43C9FF685D20CE7CA1EF657EBCDFC2A675C6FEA9A16816D","SCORE-QUEUE-048 has broad bounded paired tier-3 benefit, while target-host high-fuel no-POST tails were attributed to exact-deadline and cooperative-cancellation holes independent of queue ordering. Rejected HTTP hardening was triggered by one non-recurrent transport sample and must not contaminate the final source.","Install cardinality-first ordering only when minimumSpots is present; retain exact HTTP deadline alignment, chunked identical sentinel initialization and recursive feasibility cancellation; remove rejected HTTP retry/header option and attribution-only decision telemetry.","official lexicographic score; exact simulator and independent validator; 5000 ms internal cap; same 1600 ms reserve, 800 ms submission floor, queue caps, graph, dominance, reconstruction, worker count, action and ledger semantics; no seed/map/fuel/opponent dispatcher; no local performance claim; no functionality reduction","existing 223 frozen paired score rows; then 30 replay/300-state equivalence against frozen SCORE-QUEUE-048 before any BTC","unit passed once; final BTC SHA256 8A8AD48AD5A9227AA43C9FF685D20CE7CA1EF657EBCDFC2A675C6FEA9A16816D; 30/30 frozen replays and 300/300 states byte-identical to SCORE-QUEUE-048; zero mismatch; local elapsed ignored; design/offline evidence SHA256 ED27742A75F4C67199803D7ED8EF9838EB6B2ABCFF114DFBDC2294936E37B180/6DA98FC48FEB2103778CF4E7DC7AE77F33DC493733470A222999C4B0A7317BA0",05BCA7A18146284615B367AE84EA687BBA37557A25336950F34A20C409CD0AF3,"passed target host: all 12 explicit advanced configs matched; 120/120 HTTP-valid, 108/108 replay-reconciled, zero emergency/no-POST/fallback/retry/12002/hard-cap; max decision 2753 ms and bounded exact tail 6 ms; evidence CSV/MD SHA256 92990A8D7113CA9CA72597A6750504196E4F6DDFB10F2D00ADD7B294143060FF/8F8511E305405703D44B439F461D04676055A10E05BCC138C0AB0DE1BEDD6B21","frozen binary passed BTC low/default/high recurrence; rank ignored; one fresh real-opponent queue entry expired with no team and no match; archived human terminal controls remain 0/2/0",accepted,"Reopen only on a new paired score counterexample, systematic tier-3 downside, any invalid/emergency/no-POST/hard-cap, binary/source drift, or a fresh real-opponent loss attributable to this mechanism. Do not reopen HTTP from the single m-1864 timeout."
PERF-HTTP-064,2026-08-10,"frozen rejected PERF-HTTP-063 binary 21D9C7E6BC606C80E1B12A3886745006DE524380612E2235306C372B4EE07B6B","frozen response-header-option binary ECB20530412264CF5C4DCCC1340A163D447272A9AB28610FF7ED87A1C5AF6E85","The corrected PERF-HTTP-063 localhost fixture held the first state response headers for 3000 ms, but WinHttpSetTimeouts alone produced zero state transport retries. Official WinHTTP documentation identifies WINHTTP_OPTION_RECEIVE_RESPONSE_TIMEOUT as the request option that specifically bounds all response headers and defaults to 90 seconds.","When and only when request already receives positive ioTimeoutMs, keep WinHttpSetTimeouts and additionally set WINHTTP_OPTION_RECEIVE_RESPONSE_TIMEOUT to the identical pre-existing slice before send.","same exact 5000 ms cap, raw server deadline, 1600 ms reserve, 800 ms floor, 750 ms request slice and 220 ms poll; no planner/role/comparator/simulator/validator/ledger/score change; frozen replay equivalence; no local timing claim","source proof and corrected controlled 3000-ms header stall; BTC prohibited unless controlled gate passed","unit passed once; 30/30 frozen replays and 300/300 states byte-identical to PERF-HTTP-063; corrected fixture completed one action/ACK/result but still recorded zero state_transport_retry under the 3000 ms silent-header stall",517A3CAFE052C25E1340ECA0C46A2601130FF02789DF97174679B93201C08781,"unopened after controlled development gate failed","not-run",rejected,"Do not reopen from the single m-1864 timeout. Reopen transport only after repeated target-host evidence under a stable network and a separately frozen causal design; response-header option and GET retry are absent from final source."
PERF-HTTP-063,2026-08-10,"frozen rejected PERF-CERT-061 cancellation binary F452AA3936801A68C7E1209D95B5E1724AF8484F480BE44F6475B8677A22039F","frozen idempotent-GET-wiring binary 21D9C7E6BC606C80E1B12A3886745006DE524380612E2235306C372B4EE07B6B","ATTR-HTTP-062 proved that one retryable WinHTTP receive 12002 escapes every GET caller and terminates the match. The current session-default GET timeout is 5000 ms; m-1865 separately proves a state may arrive with only 1379 ms before endsAt, below the unchanged 1600 ms reserve.","Reuse the pre-existing frozen 750 ms transport I/O slice for each idempotent GET attempt. Catch only the already classified WinHTTP timeout/resend errors. Setup/start retain their wait/status loop; state/result treat a retryable miss as one poll miss, record telemetry and preserve idle post-ACK work. Nonretryable errors still fail closed.","same exact 5000 ms internal cap, raw server deadline, 1600 ms reserve, 800 ms floor, 220 ms minimum poll and 750 ms I/O slice; no planner/role/comparator/simulator/validator/action/assignment/ledger/score change; identical /actions retry; every GET caller remains active; frozen replay equivalence; no local timing claim; no map/fuel/bot dispatcher","source proof and corrected controlled localhost first-state response-header stall; BTC development remained unopened","unit passed once; candidate SHA256 21D9C7E6BC606C80E1B12A3886745006DE524380612E2235306C372B4EE07B6B; 30/30 frozen replays and 300/300 states byte-identical to parent; corrected localhost fixture completed exactly one action/ACK/result but a 3000 ms header stall produced zero state_transport_retry because WinHttpSetTimeouts alone did not bound response-header wait; evidence SHA256 00FF3AFF0F7AB2E0B518A20F2B31A2A1EC3A420D559A2909DF4D0554869FAE12",FB5C49FF5CCDC2AAD89C56099BFE4F17ED0731920AC59E131DAA783EAD1F6F40,"unopened after controlled development gate failed",not-run,rejected,"Retain caller wiring only as frozen research parent. Reopen through PERF-HTTP-064 with the documented response-header timeout option and a new frozen holdout; do not tune the 750 ms slice/reserve/guard or consume BTC from this candidate."
ATTR-HTTP-062,2026-08-10,"rejected PERF-CERT-061 frozen cancellation binary F452AA3936801A68C7E1209D95B5E1724AF8484F480BE44F6475B8677A22039F",read-only-idempotent-get-transport-attribution,"Default-fuel m-1864 terminated after seven accepted days with WinHTTP receive error 12002 and lost days 8-10. High-fuel m-1865 received wire day1 with only 1379 ms before endsAt, below the unchanged 1600 ms reserve. The exact GET recovery path had not been traced.","Trace WinHttpClient request timeouts and every setup/start/state/result GET caller. Distinguish confirmed transport termination from the merely consistent late-state observation; compare with the accepted bounded identical-body POST retry contract without changing source.","Read-only source and already-opened BTC evidence; official deadlines and exact 5000 ms cap unchanged; no solver/role/action/ledger/score/reserve/guard/poll/timeout/source/build/new fixture change; no local timing claim; no map/fuel/bot attribution","m-1864 direct receive-12002 lifecycle failure; m-1865 1379-ms late-state counterexample; current HTTP call graph","accepted: WinHttpClient defaults to 5000 ms receive; wait_for_get retries only HTTP statuses and does not catch transport exceptions; main /state and /result use raw GET with no retryable exception handling; one 12002 therefore escapes and terminates the process exactly as m-1864. m-1865 is consistent with a blocked/late GET but request-start telemetry is absent, so its exact cause remains unclaimed. Evidence SHA256 26DA144ECF63C843ED8E53941A06F4917344C53A328ABAAC1291706250BACDFC",not-applicable,"No holdout opened; successor requires a separately frozen manifest before source change",not-applicable,accepted,"Reopen attribution only if source wiring changes or target telemetry contradicts the uncaught GET exception path. Any successor must cover all idempotent GET callers without lowering the 1600 ms reserve or 800 ms guard and may not tune against m-1864/m-1865."
PERF-CERT-061,2026-08-10,"frozen ATTR-CERT-060 audit parent binary 2A1BDA4F9E67FC3EC70F3A4144AA14145B9DA5DF64F5DBE29C5B45CC3F203C04","frozen cancellation-propagation binary F452AA3936801A68C7E1209D95B5E1724AF8484F480BE44F6475B8677A22039F","ATTR-CERT-060 proved that future certification material crossings end in nested exact team feasibility. The recursive capacity search detects expiry every 1024 nodes but returns the same false value as ordinary infeasibility, so parent frames continue siblings and can run to the 3000000-node cap after the deadline.","Add invocation-local cancellation state. Set it only when the existing absolute-deadline poll expires; restore local spot counts and unwind every recursive frame; prevent overlap/improvement passes after cancellation. Preserve the best completed incumbent.","same deadline, poll interval, route order, bounds, memoization, node caps, beam, worker count, graph, comparator, incumbent, 1600 ms reserve and 800 ms submission floor; completed searches byte-identical; no role/score/traffic/fallback/action-format change; local elapsed excluded","ATTR-CERT-060 m-1837/m-1838 source and target-host attribution; implementation and manifest frozen before build","registered before source change; build passed with cached MSVC/CMake/Ninja toolchain; full unit suite passed once; candidate BTC SHA256 F452AA3936801A68C7E1209D95B5E1724AF8484F480BE44F6475B8677A22039F; offline evidence SHA256 F8AB1787E4400C72416D860A1F854FE87EF88E00C91EB2AE3BCFDA3CB0BCC4EA",D798DD62F7AFA090F2E2801200336B8A44768554569F7AAD50D792EA9057CD9E,"passed offline: parent/candidate replay-check stdout byte-identical on all 30 frozen low/default/high replays and all 300 states; all processes exit zero; zero invalid and zero validator disagreement; local elapsed excluded; the cancellation target also passed on all 27 target-host decisions that reached the solver, with global/nested material tails bounded to 6/10 ms","development m-1862 passed, but balanced holdout failed holistic runtime: low m-1863 was 10/10 valid and clean; default m-1864 terminated after 7/10 days with WinHTTP receive 12002 and same-match resume retrieved only final result; high m-1865 received day2 with only 1380 ms before deadline, causing one emergency and insufficient-authoritative-day-window no-POST. Aggregate 26/30 accepted actions, 24/24 observed transitions, one emergency, four missing POSTs; no replacement. Cancellation-tail causal result still passed: global max 6 ms, nested max 10 ms. Replays BE7E3753B95C3A566EA03DAC2592CBF02A36D9059A7FDDC5655EFD1F11198C2E/B4F187FD1D1B98DAD4FF8A6016131528A64DE2B497639AF03AA0DBD8E7834880/F2F28156A9CA2F84A427E61F333017ADEE9766466454C924D5FA92917808C9FC; evidence SHA256 53541BE0FD0ED26EAB77DBD0A94BBF67AB7CFBD6B27CC49AA7F12A6F58E82745",rejected,"Not promotable and no commit authorized. Retain cancellation propagation only as the frozen semantics-equivalent parent for an independently registered HTTP state-receive attribution/successor. Reopen holistic runtime only after WinHTTP receive 12002 and authoritative state arrival below the 1600 ms reserve are handled without lowering reserve/guard or changing solver semantics."
ATTR-CERT-060,2026-08-09,"rejected PERF-CERT-059 diagnostic parent binary 83EF15BE2139705ACE27B08727ED18074C8B9305E8FBD52566000BCC207B47E0","audit-only telemetry binary 2A1BDA4F9E67FC3EC70F3A4144AA14145B9DA5DF64F5DBE29C5B45CC3F203C04","Fresh target-host m-1836 kept pre-certification inside the total-minus-1600ms compute boundary on all ten days but future certification crossed it on days 3/6/8/9 by 363/47/307/218 ms; current-day exact orienteering separately overran its supplied deadline by 42 ms on day 4. Cooperative initialization is insufficient and the next operation is not attributed.","Measure existing monotone-floor, scenario setup, terminal viability, column generation with nested exact diagnostics, master, simulation, independent validation, state transition, WAIT fallback and final bookkeeping. Record call counts, elapsed microseconds, and the first phase ending after both the per-candidate slice and shared global certification deadline. Observe only; do not change any deadline or branch.","same exact deadline min(raw endsAt, receivedAt+5000ms), 1600 ms network reserve, 800 ms submission floor, candidates/scenarios/order/caps/roles/search/comparator/simulator/validator/fallback/actions unchanged; diagnostic timestamps excluded from quality and local performance claims; frozen 300-state replay-check stdout equivalence required before BTC","m-1836 target-host counterexample plus source call graph; no score tuning","diagnostic build and full unit suite passed; frozen binary SHA256 2A1BDA4F9E67FC3EC70F3A4144AA14145B9DA5DF64F5DBE29C5B45CC3F203C04; replay-check stdout byte-identical to PERF-CERT-059 on all 30 frozen low/default/high replays and 300 states with correct hashes, exit 0, zero invalid and zero validator disagreement; local elapsed excluded; evidence SHA256 183043B7992E1DA2359C965CE7D96DEE05B42F9C446FAFA9FD1236B2578D77BA",FA868D82D6880A408DC5C146293A4194EDCD59E716347787024C6D27CF78D402,"offline 300-state diagnostic-integrity gate passed","accepted attribution from two complete fresh fixtures: m-1837 and m-1838 produced 20/20 HTTP 200 valid actions and 18/18 reconciled transitions, no solver total exceeded the exact authoritative deadline or 5000 ms cap, and all certification-caused global crossings ended in column generation. Material m-1838 days4/5/6/9 spent 1394/879/802/791 ms in nested exact with maximum nested overruns 609/250/254/69 ms. Current-day day1 independently spent 2485 ms in exact finalization and reached 3000173 feasibility nodes. Source trace proves deadline expiry returns ordinary false inside recursion, so siblings continue to the node cap. m-1839 stopped after setup and was not replaced. Evidence SHA256 6D762D6C3D19DEF3B77B08ABB4F4BD404D228A83D79ECCBE0F693DAE108B47A1",accepted,"Reopen only if target telemetry contradicts exact-feasibility cancellation loss or a successor still crosses first in a different operation. Do not tune reserve, guard, poll interval, map, seed or bot from these diagnostics."
PERF-CERT-059,2026-08-09,"frozen DEADLINE-ALIGN-056 source candidate plus canonical cardinality-first score candidate","cooperative-exact-state-initialization binary 83EF15BE2139705ACE27B08727ED18074C8B9305E8FBD52566000BCC207B47E0","ATTR-CERT-058 proved that all 42/300 target-host compute-boundary overruns begin inside certification and localized the first non-preemptible operation: exact high-fuel workers initialize at least 36 MiB each over 4194304 dense states after one deadline poll and before the next; four joined workers can touch at least 144 MiB. Exact deadline alignment remains a necessary prerequisite but does not structurally close this hole.","Reserve the identical distance/fuel/parent/incoming capacities, then construct the identical sentinel values in fixed 65536-state chunks while polling the existing absolute deadline between chunks. Keep every index, graph transition, queue order, settled cap, worker count and reconstruction unchanged. Expiration during initialization returns the same supported/incomplete/empty reachability without waiting for full dense initialization.","exact deadline remains min(raw server endsAt, receivedAt+5000ms); same 5000 ms cap, 1600 ms network reserve and 800 ms submission floor; no role/search/profile/comparator/candidate-limit/fallback change; identical complete-search results; frozen replay action bytes or at minimum exact score/state/validator equivalence; no local timing claim; no seed/map/fuel/opponent dispatcher","ATTR-CERT-058 source proof and already-opened target-host root only; first fresh high-fuel BTC match m-1836","passed offline: unit suite passed once; all 30 frozen low/default/high live replays and all 300 recorded days produced byte-identical replay-check output against frozen DEADLINE-ALIGN-056, with 30/30 replay hashes correct, exit 0, zero invalid and zero validator disagreement; local elapsed excluded; equivalence evidence SHA256 394FF66499700E060B09BCFD299109045CCE8CA8610B794CBB87DE2F7CE54C75. Static boundedness reduced sentinel construction between polls to 576 KiB per worker or 2.25 MiB across four workers while retaining allocator and preprocessing as observation points; evidence SHA256 51856B408CE1A5C63FE9CEEA22BB0C6615E2F3AFBD80CB58578106E132946CDD",E9A6BF19348A1AE04325E59F9CAEC1552FE4690A5506C2EC2040F018D66D2B20,"offline frozen gate passed 30/30 replays and 300/300 states byte-for-byte; balanced BTC holdout remained unopened after the development failure","failed first target-host development fixture m-1836: 10/10 valid, 9/9 reconciled, zero emergency and replay-check score 6/60/407, but certification crossed the total-minus-1600ms compute boundary on days 3/6/8/9 by 363/47/307/218 ms and current-day exact orienteering overran its supplied deadline by 42 ms on day 4. Replay SHA256 B866ACB6A63C548D8BE05FBED03DDBD355422F78566CAC436A1C2E5BD6AC6676; evidence SHA256 DCD0C051D782B247CD3ADABA241DF0417CB1ABD003C8B3AFD09D6A26197A4419; rank ignored",rejected,"Not promotable as a complete boundary fix. Retain only as the frozen diagnostic parent because offline semantics are byte-equivalent and the first large unpolled initialization interval is removed. Reopen a successor only after independent telemetry localizes the next operation; do not retune chunk size, reserve or guards from m-1836."
ATTR-CERT-058,2026-08-09,"afcd2da plus canonical cardinality-first source candidate",read-only-certification-boundary-attribution,"PERF-P99-055 target-host telemetry shows 42/300 decisions consumed past the compute boundary that precedes the 1600 ms network reserve; 37/42 are high fuel and the three submission skips are the three largest tails. It is unknown whether pre-certification work, future-witness certification or post-certification finalization is responsible.","Decompose each recorded BTC decision into pre-certification and certification elapsed time against the frozen scheduler boundary, then trace the exact production call graph of the responsible phase to its first non-preemptible operation. Use only existing target-host timestamps and source semantics; do not infer candidate latency from local runs.","Read-only source and already-opened target-host telemetry; configured 5000 ms cap and raw server deadline kept distinct; exact official score and witness semantics preserved; no source/build/new fixture/holdout/BTC action/local timing/threshold change; DEADLINE-ALIGN-056 remains frozen and separate","All 300 already-opened PERF-P99-055 decisions, stratified 100 low/default/high, with exact focus on m-1827 day6 and m-1832 days6-7","closed: all 42 compute-boundary overruns entered certification before the boundary; certification alone crossed it. Counts low/default/high are 0/5/37, p95 overrun 405 ms and maximum 1574 ms. The first boundary hole is dense initialization in enumerate_exact_high_fuel_routes: after one deadline poll, each worker initializes at least 36 MiB over 4194304 states before the next poll, and four jthreads can touch at least 144 MiB before join. The semantics-equivalent successor is same-sentinel chunked initialization with the existing absolute deadline polled between chunks. Evidence SHA256 6DF72E0342AA141A39DD8DA1D030D72FFB05293BBCD8E0FACF08D5E81C9151C8",not-applicable,"No holdout opened; attribution defines a separately frozen cooperative-initialization mechanism layered after deadline alignment",not-applicable,accepted,"Reopen only if target-host telemetry after cooperative initialization still shows certification crossing the compute boundary, or another earlier non-preemptible operation is evidenced."
ATTR-SELECT-057,2026-08-09,"afcd2da plus canonical cardinality-first source candidate",read-only-selection-comparator-attribution,"A read-only scan of all 300 decisions in the already-opened PERF-P99-055 replay set found zero higher scoreAfterToday candidate and zero accepted exact bundle above selected, but seven decisions contain a certified non-selected candidate that appears better on finalCertifiedLowerBound or on finalQuantile50 after an equal lower bound. It is unknown whether those scalar views omit conditional tiers, confidence coverage, survival signature or another authoritative comparator component.","Trace the production selection comparator and reconstruct its complete ordered decision tuple for only the seven already-opened signals. Compare selected and challenger field by field, then classify each as true domination, intentional trade-off or telemetry projection mismatch. Do not modify selection logic unless a selected candidate is proven dominated under the exact production comparator.","Read-only source and replay attribution; official lexicographic score within each score component; preserve conditional tiers, coverage and survival semantics; no weighted sum; no source/build/new fixture/BTC action/holdout reuse/timing claim; no threshold or replay-specific dispatcher","Seven signaled decisions from already-opened PERF-P99-055 replays: m-1803 days6-8, m-1804 day9, m-1806 day8, m-1809 day6 and m-1813 day9","closed: eight challenger pairs across seven decisions. m-1803 day8 and m-1804 day9 improve projected future lower bounds only by losing current official score and are correctly excluded by the production current-floor gate. The other six pairs across five decisions tie current score and lower bound but improve only serialized q50; production orders q95 then q80 before q50 or applies the confidence gate, so none is a complete-tuple domination witness. Zero higher non-selected scoreAfterToday and zero accepted exact bundle above selected across all 300 decisions. Evidence SHA256 DAEF6B1842D8EDE357FA23BE2DA7DBD68CBFDE3DE572641C2718C83C8CC01F8F",not-applicable,"No holdout opened; the apparent anomaly is a telemetry projection mismatch and does not warrant a candidate",not-applicable,accepted,"Reopen only with a new exact dominated-selection witness under the complete production tuple, or telemetry that contradicts the q95/q80/confidence/current-floor attribution; never tune against these match IDs."
DEADLINE-ALIGN-056,2026-08-09,"afcd2da plus canonical cardinality-first source candidate",exact-millisecond-shared-deadline-binary-4636C380578F1AB79973A25E03AAE26E20809F8A5720F914D7DB7F38D1C3EFD6,"PERF-P99-055 exposed three general high-fuel submission skips. BTC raw windows 5030/5198/5032 ms were normalized to 4030/4198/4032 ms because the adapter ignored raw endsAt and floored receivedMs+5000 to integer seconds; certification then left only 760/25/349 ms at the 800 ms submission guard despite a 1600 ms network reserve.","Derive one exact deadline in HTTP mode as min(raw server endsAt in milliseconds, receivedAt+configured response budget); pass its exact remaining milliseconds into MatchSession/UdonShieldEngine and use the same absolute deadline for POST. Preserve the existing scheduler network reserve and runner submission guard; do not alter search/certification logic, route caps or score policy. If this alignment alone still skips, reject rather than lower the guard or simplify logic.","configured response budget remains hard-capped at 5000 ms; raw server deadline can only shorten it; no integer-second expansion; same planner and official lexicographic comparator; same 1600 ms network reserve and 800 ms submission floor; durable action record remains before POST; idempotent ACK/recovery unchanged; exact simulator/validator; no local timing claim; no map/fuel/opponent dispatcher","confirmed m-1827 day6 and m-1832 days6-7 for arithmetic attribution plus five unopened fresh high-fuel BTC matches after freezing the candidate binary","passed offline: unit suite passed; parent/candidate replay-check outputs were byte-identical on all 30 PERF-P99 replays and all 300 recorded days with zero failure or mismatch; no local timing claim; candidate BTC binary SHA256 4636C380578F1AB79973A25E03AAE26E20809F8A5720F914D7DB7F38D1C3EFD6; evidence SHA256 54F2C1EE87964495ACA50F317A400072CBA75829D5C0554FF27E3D34D561D854",6D6270CEBBD12D96ACDBF779A8298466A0378793F2173C25D8514A3E843DAC3F,"BTC development and holdout remained unopened; exact plumbing passed the frozen 300-state equivalence gate but ATTR-CERT-058 proved a separate unchanged certification boundary hole","not-run: BTC practice creation produced no new match; zero DEADLINE-ALIGN-056 live samples were consumed",inconclusive,"Superseded without retuning by PERF-CERT-059, which retains exact deadline alignment and separately closes the first proven certification boundary hole. Reopen standalone only for target-host isolation; never claim 056 alone closes certification overrun."
PERF-P99-055,2026-08-09,afcd2da,canonical-cardinality-first-binary-CE37B6D06F5AD92CDB3921DCCA6CAE21A4D6E688431232A78A7E25DDEF2EE6CF,"SCORE-QUEUE-048 passed one fresh ten-day BTC validity/hard-cap match, but the audit remains p99Calibrated=false because ten target-host response samples cannot establish a 99th-percentile breach bound.","Run the unchanged frozen executable on 30 fresh explicit-advanced BTC practice matches: ten low, ten default and ten high fuel, each hard/three bots/10 days/32x32/100 steps/5000 ms/8 agents/12 spots/6 brands. With zero hard-cap breaches in 300 fresh decisions, the exact one-sided 95% binomial upper bound is 1-0.05^(1/300)=0.994%, below 1%; report empirical p50/p95/p99/max and per-fuel tails.","BTC target-host telemetry only; exact executable hash unchanged; internal compute cap 5000 ms despite any outer window; 300/300 accepted valid decisions; all observable transitions reconciled; exact replay simulator/validator agreement; zero submission skip/retry/emergency/exact overrun/hard-cap breach; no local latency; rank ignored except asymmetric failure signal; no source/logic change during batch","existing m-1796 10/10 field/runner proof, excluded from the 300 fresh calibration decisions","passed before registration: explicit advanced fields and frozen runner completed 10/10 valid with p95/p99/max2759 ms; development only",52ADA0B0ECBF3ADE92381D2B4AF8926578D21FFF9433795B71A25A94BC4F225B,"opened exactly once: all 30 matches and 300 plans completed; all configs matched; 300/300 plans dual-valid and 270/270 transitions reconciled, but only 297/300 action results were accepted because high-fuel m-1827 day6 and m-1832 days6-7 recorded actions_deadline_skip plus actions_server_wait without POST; low 100/100, default 100/100, high 97/100; progress evidence SHA256 8DCDAE465FB065FA0E0CEACFB78B906BA43BE82F37C950B9B7E963136B90976A","rejected: frozen binary unchanged; zero HTTP-invalid result, transport retry, emergency or exact overrun, but three submission skips violate the preregistered zero-skip gate and expose tier2 daily losses 57 and52; 297 accepted response samples p50/p95/p99/max 2989/3575/3965/4328 ms are censored and cannot calibrate p99; attribution evidence SHA256 7F8628EC949D36F50E685F8BC719C1B0D189A4226B2EFF7F34DD4BBFDF81A7AF",rejected,"Reopen only after a semantics-equivalent critical-path change preserves durable pre-POST action recording and idempotent recovery while moving full decision telemetry serialization after the submission attempt; require frozen byte-equivalence and a new preregistered BTC calibration with zero skips."
ARCHIVE-QUEUE-054,2026-08-09,afcd2da,canonical-cardinality-first-binary-CE37B6D06F5AD92CDB3921DCCA6CAE21A4D6E688431232A78A7E25DDEF2EE6CF,"Synthetic SCORE-QUEUE-048 and ROBUST-QUEUE-052 matrices retain cardinality-first with one bounded serving loss, but they do not establish how often the capped queue trade-off appears on the full archived distribution of authoritative BTC terminal states.","Freeze one complete 32x32/10-day/8-agent/12-spot/6-brand replay per unique BTC match without selecting by rank or score. Reconstruct the accepted prefix ledger and terminal authoritative state with exact simulator/validator agreement, then use the existing research-only same-binary shallow/cardinality switch and exact stock-capped team DP. Development contains only already-opened m-1285 and m-1796; open the other 73 replay hashes once after adapter proof.","Official lexicographic score only; exact recorded setup/state/roles/traffic/prefix ledger; same 32-route and 1250000-state caps; both policies in reversed order; exact simulator plus independent validator; every patrol with current fuel at least two day-steps must use the policy-independent high-fuel path; whole-policy signatures must match on the ten high-config terminal states with constrained_patrols=0; no replay trajectory retuning, bot-rank inference, local timing, production source change or match/family dispatcher","m-1285 and m-1796 only; hashes already opened by prior queue experiments","passed 2/0/0: exact accepted-prefix reconstruction and same-binary oracle reproduced prior independent terminal deltas exactly: m-1285 6/60/320 to323 (+3) and m-1796 6/60/307 to312 (+5); both stable and dual-valid; evidence SHA256 8342634F93C2BEBA7AE346CE15ABCF7DDFF758C36426033B1346BAD2E39BA3A1",FC874C1CCDC9785EE3D178AE31C3E4262B4B54913CB421E6B856D30A3655FB3D,"opened once: 18/55/0 over 73 unique real BTC terminal states; all 18 differences tier3 with gains +1,+1,+1,+1,+3,+4,+1,+1,+3,+2,+3,+3,+1,+2,+1,+1,+2,+2 and no loss; low 5/12/0, default 12/24/0, high-config 1/19/0; wins span role masks1,4,16,32,64,128,192 and constrained counts1..7; 73/73 stable and dual-valid; ten policy-unreachable high controls byte-identical; evidence SHA256 B8C3F78B702BB84BCE47592C6CD91F41D56329EBB464C7946875025B2B4B0776",not-applicable,accepted,"Reopen only if a new authoritative terminal state produces a material/systematic loss, tier1/tier2 loss, invalidity or high-path divergence. Do not rerun or tune on these opened replay hashes."
ATTR-QUEUE-053,2026-08-09,afcd2da,canonical-cardinality-first-binary-CE37B6D06F5AD92CDB3921DCCA6CAE21A4D6E688431232A78A7E25DDEF2EE6CF,"ROBUST-QUEUE-052 found one bounded tier-3 regression: low-two-tanker balanced seed982008 scored 6/60/95 under cardinality versus 6/60/96 under shallow. The missing coordinated route witness and whether the loss is intrinsic to the retained frontier are not yet attributed.","On the already-opened seed982008 terminal state only, report each policy's exact stock-capped team witness masks, per-spot capped claims and route membership. Optimize the union of both frozen policy frontiers to determine which frontier contains the 96-serving witness; do not change queue order, retention, caps, fixture or score.","Read-only counterexample attribution in the isolated same-binary harness; official lexicographic score; identical state/ledger/roles/traffic and 32-route/1250000-state caps; dual exact validation; no threshold tuning, new seed, holdout reuse, production source change, local timing or promotion claim","opened ROBUST-QUEUE-052 seed982008 only","Shallow 6/60/96 requires patrol4 mask0x27C, absent from that patrol's cardinality frontier. Cardinality is 6/60/95. The union frontier restores 6/60/96 using the same shallow-only patrol4 mask but does not exceed shallow. All witnesses are stable and dual-valid; evidence research/evidence/ATTR-QUEUE-053.txt.",not-applicable,"No new holdout; the frozen 72-case result remains 4/67/1",not-applicable,accepted,"Reopen only if a new independent fixture exhibits the same structural loss; never tune against seed982008 or use it to authorize a mixed queue/dispatcher."
ROBUST-QUEUE-052,2026-08-09,afcd2da,canonical-cardinality-first-binary-CE37B6D06F5AD92CDB3921DCCA6CAE21A4D6E688431232A78A7E25DDEF2EE6CF,"SCORE-QUEUE-048 has only sparse positive terminal deltas on its first frozen holdout; under the fixed 1250000-settled-state cap, cardinality-first could still starve lower-cardinality routes that coordinate brands or scarce stock better at team level.","Use a research-only same-binary shallow/cardinality switch on deterministic terminal states. Run both policies in both orders with identical state, ledger and caps; solve the retained multi-agent route sets with an exact stock-capped team DP under the official lexicographic score. Development small maps also compare both capped frontiers against complete resource enumeration; open the frozen structural holdout exactly once after harness proof.","Official lexicographic lifetime/daily/servings only; no weighted sum; same state graph, dominance, 32-route and 1250000-settled caps; exact/full/high-fuel production path unchanged; exact simulator plus independent validator; no source production change or threshold/family dispatcher; local elapsed ignored; no BTC or real-opponent quality claim; reject any tier1/tier2 structural loss, invalid or validator disagreement and reject material or systematic tier3 downside","research/holdouts/ROBUST-QUEUE-052.csv development rows: 18 unopened small-map proof cases across balanced, duplicate-brand and stock-contention profiles","passed 0/18/0: all stable in reversed A/B order; both capped policies and complete resource team oracle produced identical official optimum on every case; exact simulator and independent validator agreed; cardinality frontier recall was never below shallow and was strictly higher on 6/18 cases; local elapsed ignored; evidence SHA256 4118AD4345D2849C46B3931BA64147C297D302F2EE51509B1CB9A0BAB377ED17",D017068D6F47C73D22164265A235D545A24C2EB3396463264CB7D30AF8AA5359,"opened once: 4/67/1 over 72 independent cases; all five differences tier3; gains +1,+2,+1,+4 and sole loss -1; low-one 2/22/0, low-two 0/11/1, depleted-default 2/10/0, missing-lifetime 0/12/0, high-fuel control 0/12/0 with identical signatures; 72/72 stable and dual-valid; evidence SHA256 6B1DF3B756BF54EE00C25A595623F6814819AD957266F472FE137B4BACDA2EFD",not-applicable,accepted,"Reopen only with a new independent structural counterexample showing material/systematic downside; do not retune or rerun these opened seeds. The audit retains SCORE-QUEUE-048 but does not authorize commit or replace real-opponent/BTC final gates."
ATTR-GAP-051,2026-08-09,afcd2da,canonical-cardinality-first-binary-CE37B6D06F5AD92CDB3921DCCA6CAE21A4D6E688431232A78A7E25DDEF2EE6CF,"Fresh m-1796 master hit its deadline on every day and reported positive optimistic serving tails on days1-8 plus a guidance tail on day10; it was unknown whether these were feasible score gaps or loose bounds.","Compare the selected candidate scoreAfterToday against every exact-evaluated audit candidate, optimisticUpperBound and searchGuidanceUpperBound on all ten authoritative decisions. Require an exact-valid higher candidate before opening a successor mechanism.","Read-only telemetry attribution; official lexicographic score; no weighted gap sum; feasible audit candidates separated from bounds; no source/build/holdout/BTC action; no elapsed performance claim; one replay cannot establish ceiling","all ten authoritative decisions in fresh m-1796 replay","Days1-8 incumbent-to-optimistic serving tails were +1,+3,+5,+2,+1,+2,+3,+3 but every exact-evaluated audit candidate tied the selected current-day score. Day9 optimistic and guidance closed. Day10 selected=optimistic 6/60/312 while guidance 6/60/314 was loose; no exact-valid higher witness exists. Master deadline alone does not open a score mechanism.",not-applicable,"No holdout opened and no candidate modified",not-applicable,accepted,"Reopen master/evaluator search only when an exact-valid higher-scoring bundle or first-differing feasible candidate is produced on new telemetry; do not tune against unwitnessed optimistic/guidance tails"
ATTR-REAL-050,2026-08-09,afcd2da,canonical-cardinality-first-binary-CE37B6D06F5AD92CDB3921DCCA6CAE21A4D6E688431232A78A7E25DDEF2EE6CF,"SCORE-QUEUE-048 passed diverse synthetic/frozen terminal lanes and a fresh BTC bot failure gate, but no real-opponent behavior had been checked in the current session.","Inventory the BTC replay archive, select only complete files explicitly identified as real-opponent live matches, verify two-team setup/result, then run clean parent and candidate on each identical recorded terminal state. Do not tune or extrapolate whole trajectories.","Read-only observational control; exact archived bytes and hashes; same terminal state/ledger per pair; official lexicographic score; 5000 ms internal cap despite 60000 ms outer window; dual exact validation; local elapsed ignored; no source/holdout/promotion change; byte plan comparison","complete archived real-opponent m-1038 and m-1042 terminal states","m-1038 candidate=parent 4/16/60 with byte-identical plan and closed bounds; m-1042 candidate=parent 4/16/59 with byte-identical plan and closed bounds; 0/2/0; zero emergency/overrun/validation failure. Both fixtures are 2-team 4-day 8x8 32-step fuel64 controls; replay SHA256 B5B9390D9946620652B7F63358CFC22FD3BDDB378311FA266A3314146AAB12D7 and 913DE968028031F4D48B1607478D167342C6054AD4CC4B8463B0A6FD1E3619AC.",not-applicable,"Observational real-opponent short/small-map controls only; not added to frozen SCORE-QUEUE-048 matrix","Archived live standings were m-1038 team-A 4/16/60 vs team-B 4/16/52 and m-1042 team-A 4/16/59 vs team-B 4/16/53; historical rank is not candidate promotion evidence",accepted,"Reopen only with a complete real-opponent replay from a materially different long-horizon, large-map or low-fuel configuration; fresh queue match remains the preferred gate"
ATTR-QUEUE-049,2026-08-09,afcd2da,canonical-cardinality-first-binary-CE37B6D06F5AD92CDB3921DCCA6CAE21A4D6E688431232A78A7E25DDEF2EE6CF,"Fresh m-1796 target-host telemetry proves the capped terminal queue executed and raised its internal seed route 39 to local40, but the official parent delta on that authoritative state was not yet measured.","Compile clean afcd2da in an isolated worktree and run parent/candidate replay-solve only on recorded m-1796 day10 state and prefix ledger in reversed order twice. Compare official lexicographic score and exact queue telemetry; do not replay or attribute the whole trajectory.","Read-only attribution; exact same terminal state and recorded ledger; harvest mode7; 5000 ms cap; dual exact validation; no source/candidate/holdout modification; local elapsed ignored; separate binaries cannot authorize promotion alone; no rank inference","authoritative m-1796 day10 same-terminal reverse-order parent/candidate repetitions","Candidate stable twice at 6/60/312 with exact seed/local39/40; clean afcd2da parent stable twice at 6/60/307 with seed/local35/35; tier3 +5; both supported6, zero emergency, exact overrun and validation failure. Parent executable SHA256 AB2556D6436C8AB14F53D6657E2C28FBA9E504DFD4BDF477A80C6CEC960D618A.",not-applicable,"Not added to frozen SCORE-QUEUE-048 holdout; fresh supportive development evidence only","Source replay m-1796 passed target-host failure gate; this offline terminal attribution is not target-host performance evidence",accepted,"Reopen only if a same-binary terminal switch contradicts the +5 or if a real-opponent replay exposes a terminal regression; never extrapolate to a whole-match paired result"
SCORE-QUEUE-048,2026-08-09,afcd2da,canonical-cardinality-first-binary-CE37B6D06F5AD92CDB3921DCCA6CAE21A4D6E688431232A78A7E25DDEF2EE6CF,"Complete team proof and archived production-mode m-1285 show the shallow capped queue misses coordinated deep masks and leaves two selected servings. ATTR-QUEUE-044..046 prove the only alleged -72 downside came from a mode6 harness where the mechanism was disabled; on the identical mode7 negative terminal state cardinality improved exact-local38 to39 and tied final score39.","For capped anytime resource enumeration only when minimumSpots is present, order pending labels by greater visited-spot cardinality, then lower used steps, lower used fuel and stable label index. Use a temporary same-binary policy switch for evaluation; if accepted, remove the switch and ship cardinality as the single canonical capped-anytime policy.","Official lexicographic score only; direct terminal/public fuel guard unchanged; same state graph, labels, Pareto dominance, reconstruction, 1250000 settled cap, 32-route retention and master; exact full-proof minimumSpots-null path unchanged; no mixed/weighted priority, seed/map/match/agent/bot dispatcher or cap increase; mode7 evaluator; same-terminal-state A/B/A/B; dual exact validation; 5000 ms hard cap; local timing ignored; zero invalid/emergency; BTC target-host final","same-binary m-1285 day10: shallow A/B both 6/60/320 exact34; cardinality A/B both 6/60/323 exact37; six supported agents; zero emergency and exact validation; ATTR-QUEUE-046 neutral final-score control; canonical binary replay 6/60/323 exact37 supported6 exact-valid zero emergency",passed,"research/holdouts/SCORE-QUEUE-048.csv SHA256 13EC4F536FA573AA3158D35D93CDC5A5D6F0DEBF6572E1D2BDEADDA471122231","original 4/74/0 over78; independent ROBUST-QUEUE-052 4/67/1 over72 with sole tier3 -1; independent ARCHIVE-QUEUE-054 18/55/0 over73 authoritative BTC terminal states. Aggregate frozen non-development evidence 26/196/1 over223, all differences tier3, gain tail +1..+4 and loss tail -1; low/default/high and diverse role masks covered; zero invalid/validator disagreement; no weighted tier aggregation used","passed target-host failure gate on fresh authenticated advanced m-1796 low1x 32x32 10d 5000ms: frozen binary hash unchanged; 10/10 valid; 9/9 transitions reconciled; exact validator agreement; response p95/p99/max 2759/2759/2759ms; decision max2699ms; zero skip/retry/emergency/overrun/hard-cap breach; day10 supported6 settled7500000 seed/local39/40; final6/60/312; replay SHA256 DCC0A6D36DFB7C2EFECB382ED220B977E37EBA145B25EF291DAF879C079EF272; rank1 is failure gate only; p99Calibrated remains false",active,"Non-opponent logic gates now pass broadly. Reject on any new tier1/tier2 loss, invalid/emergency, systematic family/fuel downside or material tier3 tail. Candidate remains frozen and uncommitted until target-host p99 calibration and diverse real-opponent final gate; do not infer quality from BTC bot rank."
EVAL-PARITY-047,2026-08-09,afcd2da,research-harness-production-harvest-mode7,"ATTR-QUEUE-045 proved the protected historical harness constructs UdonShieldEngine with default harvest mode6, while BTC runtime defaults to mode7. The disabled terminal fuel-constrained path made SCORE-QUEUE-043 generated lanes incapable of measuring their candidate. old/README also still describes 60000 ms as the production-selection compute budget, contrary to the frozen 5000 ms contract.","Change only the shared research harness to instantiate harvest mode7 and future mode7 explicitly, emit the configured modes plus existing exact-orienteering support/settled/seed/local telemetry, and correct old/README so 5000 ms is the internal hard cap while 60000 ms is outer lifecycle only. Do not rebuild or rerun historical checkpoints.","No solver/planner/decision/simulator/validator change; fixture generation, roles, traffic and official score unchanged; dual exact validation; local elapsed has no performance authority; prior reports remain historical mode6 evidence and are not silently relabeled; future protected results declare mode7; no candidate score or promotion claim","compile harness against frozen afcd2da library and run one opened seed957002 wiring check","Harness emitted harvest/future mode7/7. Days1-9 exact_supported0 matched the terminal-only guard; day10 reported exact_supported7, settled711197 and exact seed/local31/32, with exact simulator/validator agreement and zero invalid/emergency. Local timing and score276 are wiring diagnostics only.",not-applicable,not-applicable,not-run,accepted,"Reopen on any BTC production mode change, missing mode declaration, terminal low-fuel exact_supported0 or harness/runtime mismatch; do not rerun history merely to rewrite reports"
ATTR-QUEUE-046,2026-08-09,afcd2da,research-only-production-mode-terminal-queue-switch,"ATTR-QUEUE-045 produced byte-identical policies only because the historical harness instantiated default harvest mode6 and reported exact_supported0. BTC production defaults to mode7, the required guard for terminal fuel-constrained anytime routing.","Reuse the already registered same-binary same-state fork, but instantiate both prefix and fresh terminal engines explicitly with harvest mode7 and future mode7. Require exact_supported>0 and nonzero settled states before comparing shallow versus cardinality-first in forward and reverse order. No other harness or queue change is permitted.","Same binary/layout/state hash/ledger/traffic/submitted history; explicit production harvest mode7 on every engine; queue switch only on capped anytime minimumSpots path; unchanged 1250000-state/32-route caps and exact proof path; dual exact validation; 5000 ms cap; local elapsed ignored; temporary switch reverted; opened attribution fixture only; no holdout/BTC/promotion","opened seed957002 terminal state with one frozen mode7 prefix","All runs used state hash7024081118606904448 and prefix6/54/312. exact_supported was7 and both policies were stable across reversed order. Shallow and cardinality both selected exact6/39 cumulative6/60/351 with zero invalid/emergency; hashes differed by policy. Cardinality improved exact local38 to39 while shallow final selection already reached39 elsewhere, so causal official delta was0, not -72.",not-applicable,not-applicable,not-run,accepted,"Causal negative attribution is closed. Any successor must restore parent, freeze a new mode7 production-parity holdout and evaluate same-state terminal pairs; do not reuse opened SCORE-QUEUE-043 seeds"
ATTR-QUEUE-045,2026-08-09,afcd2da,research-only-same-binary-terminal-queue-switch,"ATTR-QUEUE-044 shows the observed -72 binary tail starts with different day1 action bytes and a day2 score loss, while the intended current-day anytime low-fuel queue is guarded to the terminal day. Cross-binary deadline/layout divergence therefore confounds causal attribution.","Add a temporary research queue-policy switch in one binary. Generate one shallow-policy prefix through day9, retain every accepted DecisionResult and exact transition, then instantiate fresh engines and replay the identical submitted decisions so belief/response-ledger state is equal and route caches are equally cold. On the identical day10 state and ledger, run shallow and cardinality-first policies in both orders; compare official score, exact plan hash and existing exact-orienteering diagnostics.","Same binary and code layout; identical frozen day10 state/ledger/traffic and submitted-decision history; policy affects only capped anytime queue ordering when minimumSpots is present; 1250000-state and 32-route caps unchanged; exact full-proof path unchanged; exact simulator and independent validator; 5000 ms cap; local elapsed ignored; temporary research switch fully reverted; no holdout/BTC/promotion","opened seed957002 terminal state with one frozen parent prefix","All four day10 solves used state hash2130807422699737667 and prefix6/54/244, then returned exact6/30 cumulative6/60/274 with identical plan hash14218929452539799733 and zero invalid/emergency. But every run reported exact_supported0, exact_settled0 and exact_bundles0: the queue policy was not executed because the harness used default harvest mode6.",not-applicable,not-applicable,not-run,inconclusive,"The evaluator mismatch is closed. Reopen the causal question only with explicit production mode7 in the same registered harness; the -72 tail cannot justify a dual/mixed queue"
ATTR-QUEUE-044,2026-08-09,afcd2da,read-only-threshold-corridor-first-difference,"SCORE-QUEUE-043 gains two on its causal fixture but loses 72 servings on independent BTC-like low-fuel threshold-corridor seed957002. The candidate changes a terminal low-fuel route queue, so the loss must be localized before considering any architecture that preserves multiple frontiers.","Run exactly one parent/candidate paired historical fixture for frozen seed957002 with day details. Compare cumulative and exact day scores, plan hashes, validity/emergency and identify the first differing day and magnitude. Trace only the already frozen parent/candidate binaries; do not change or rerun queue priorities.","Read-only attribution; frozen binaries and fixture; official lexicographic per-day/cumulative scores and exact plan hashes; no local timing claim; no source change, candidate tuning, BTC or promotion","btc-lowfuel threshold-corridor seed957002 day details","Parent/candidate reproduced 6/60/346 versus 6/60/274 with zero invalid/emergency. Plan hashes differ from day1 despite equal 6/36; first official score difference is day2 at cumulative 74 versus72. Candidate then loses 13 servings on day3 and remains lower every later day, reaching -72. The regression is a full-trajectory cross-binary divergence, not localized to terminal day10.","source holdout SCORE-QUEUE-043 SHA256 BFFB6312262CC28A21D8131968BF5A603CB37B12EB087472F1D0E2CBDE8AE48B",not-applicable,not-run,accepted,"Causal queue attribution remains open only through a same-binary same-terminal-state switch. Do not design dual/mixed priority from the -72 tail or tune on seed957002"
SCORE-QUEUE-043,2026-08-09,afcd2da,rejected-cardinality-first-anytime-resource-queue,"Complete route/team proofs show a dual-valid 6/60/322 plan requiring seven-spot masks, while the production 1250000-state anytime queue retains only six/five-spot masks and stops at exact34/final35. The queue explores by shallow used steps/fuel even though the retained frontier ranks spot cardinality first.","Change only the capped resource-search queue key so labels with greater visited-spot cardinality are expanded first, then lower used steps, lower used fuel and stable label index. Keep the same state graph, Pareto dominance, reconstruction, retention rank, 32-route cap and 1250000 settled-state cap. Full search semantics remain identical when complete; high-fuel enumeration is untouched.","Official lexicographic comparator only; exact resource feasibility unchanged; same labels and Pareto dominance; stable deterministic queue key; no replay masks/agent IDs/map/fuel dispatcher; no cap increase; exact simulator and independent validator; high-fuel path byte-equivalent; 5000 ms internal hard cap; zero invalid/emergency; BTC target-host performance final","m-1285 day10 positive then m-1286 day10 closed-bound control","Unit passed. m-1285 frontier exposed seven-spot masks and exact seed/local rose34 to37; final improved 6/60/321 to323. m-1286 tied412. Fresh general-fixed was 0/18/0. First four BTC-like low cases were 0/3/1: seeds957000,957001,957003 tied, but threshold-corridor seed957002 regressed 346 to274 at tier3. Zero invalid/emergency.","research/holdouts/SCORE-QUEUE-043.csv SHA256 BFFB6312262CC28A21D8131968BF5A603CB37B12EB087472F1D0E2CBDE8AE48B","general-fixed 0/18/0; btc-like-low first four 0/3/1 with loss tail -72; remaining lanes unopened",not-run,rejected,"Do not tune cardinality/steps weights or alternating priority on opened m-1285 and seed957002. Reopen only from a new diverse design preserving shallow diversity and deep discovery by construction under a new holdout"
ATTR-TEAM-042,2026-08-09,afcd2da,read-only-complete-resource-team-dp,"ATTR-OPTIMAL-041 proves no complete resource route can improve the frozen 35 witness by one patrol substitution, but a coordinated two-or-more-agent exchange can still improve capped stock allocation even when each individual substitution does not.","Enumerate complete inclusion-maximal exact resource routes for every unique patrol start/fuel state. Run a deterministic dynamic program across all patrols keyed by per-spot claim counts capped at public stock, retaining one route choice vector per count state. Maximize official daily brands then servings, reconstruct the best full team plan with frozen tanker actions, and require ExactStepSimulator and IndependentDayValidator agreement.","Read-only mathematical oracle; complete canonical single-agent resource frontiers; exact count-state DP without weighted sum; public stock and brand masks only; dual exact validation of reconstructed optimum; no elapsed-time/performance claim; no production source/cap/rank change, BTC or promotion","m-1285 day10 all six patrols from frozen state","All six frontiers completed: five agents had 3148570 settled/78 routes and agent3 had 2831326/76. Count-state DP found a 36-serving state after 38 nodes and seven memo states. Reconstructed masks were agent3=0xB59, agents0/1/2/4=0x9D9, agent7=0x1EC; dual exact validation produced 6/60/322.","replay SHA256 D638BE3D0E136EF94542BBCE58AA6B086D6A7C872732EF27188392D5D19D2F77; witness SHA256 787F2C1774D11D08125115FD3F75488A222572CB0CB79692F14A877F5EB81DA4",not-applicable,not-run,accepted,"Feasibility is proven. Successor may align capped exploration order with the existing cardinality-first retention objective under a new holdout; do not copy masks or raise cap"
ATTR-OPTIMAL-041,2026-08-09,afcd2da,read-only-complete-resource-one-exchange,"ATTR-DENIAL-040 proves no retained production exact route can improve the 35 witness. It remains unknown whether guidance36 is resource-feasible outside the capped frontier or is only an unattainable stock upper bound.","For the two unique start/fuel states among agents 2,4,7 that claim oversubscribed spot0, run canonical enumerate_exact_resource_routes with no wall deadline and require complete=true. Substitute every returned inclusion-maximal resource route into the frozen 35 plan and dual-validate. Inclusion-maximal masks are sufficient for total servings because adding a first-visit claim cannot reduce the team total min(claimCount,stock) at any spot.","Read-only mathematical oracle; frozen parent library/replay/plan; unchanged resource semantics and Pareto dominance; completion required; official lexicographic score and dual exact validation; no elapsed-time/performance claim; no production cap/rank/source change, BTC or promotion","m-1285 day10 unique spot0-claimant states agent2 and agent4","After correcting the non-proof anytime wrapper method, exact resource enumeration returned supported=1 complete=1 for agents2 and4, each with 3148570 settled states and 78 inclusion-maximal routes. All 156 substitutions were dual-valid; every best remained 6/60/321 and none reached guidance36.","replay SHA256 D638BE3D0E136EF94542BBCE58AA6B086D6A7C872732EF27188392D5D19D2F77; witness SHA256 787F2C1774D11D08125115FD3F75488A222572CB0CB79692F14A877F5EB81DA4",not-applicable,not-run,accepted,"One-agent resource feasibility is closed. Reopen only through exact multi-agent count-state coordination over complete frontiers; do not add or retune one-agent repair"
ATTR-DENIAL-040,2026-08-09,afcd2da,read-only-exact-frontier-one-exchange,"The frozen 35-serving witness has exactly one denied claim at spot0 and guidance36, but SCORE-ALNS-039 proves that merely prioritizing existing proof repair regresses. It is unknown whether any already enumerated canonical exact route can close the final serving gap by one patrol substitution.","Reconstruct the frozen m-1285 day10 ledger/state and 35 plan. For every patrol, enumerate its canonical anytime resource frontier with minimum5, maximum32, 1250000 settled states, preferredBrands0 and no wall deadline. Replace only that patrol action path in the frozen plan with each retained maximal route, then require ExactStepSimulator and IndependentDayValidator agreement and report the lexicographic best one-exchange score/mask/agent.","Read-only research probe; frozen parent library/replay/plan; canonical fixed-work exact frontiers; official lexicographic score; exact simulator and validator for every mutation; no elapsed-time claim; no source/cap/rank/operator change, BTC or promotion","m-1285 day10 frozen 35-serving witness","All 32 substitutions were exact-valid for each patrol 0,1,2,3,4,7, for 192 validator-agreed mutations. Every per-agent and global best remained 6/60/321; no retained exact route reached guidance36.","replay SHA256 D638BE3D0E136EF94542BBCE58AA6B086D6A7C872732EF27188392D5D19D2F77; witness SHA256 787F2C1774D11D08125115FD3F75488A222572CB0CB79692F14A877F5EB81DA4",not-applicable,not-run,accepted,"Canonical-frontier exchange is falsified. Reopen feasibility only through complete resource enumeration of unique oversubscribed-claim start states; do not implement exchange over the same 32 routes"
SCORE-ALNS-039,2026-08-09,afcd2da,rejected-proof-guided-prefix-before-generic-alns,"On frozen m-1285 day10 exact seed/local reach 34, regular ALNS reaches the exact-valid 35 witness, valid guidance remains 36, but the existing proof-guided phase receives zero iterations because it is scheduled after generic ALNS exhausts the absolute deadline. ATTR-ALNS-038 confirms regular StockMultiVisit activity but no proof-guided work.","When and only when proof_gap_operation reports a valid lexicographic score gap, execute at most one patrol sweep of the existing proof-guided repair loop before generic ALNS. Reuse the same synthesize_repair_columns, StockMultiVisit partner rule, exact evaluator, seen set and population retention. Then run the unchanged generic loop and any remaining proof iterations under the original absolute deadline and caps.","Official lexicographic comparator only; proof upper bound already computed by canonical planner; exact simulator and independent validator for every accepted mutation; total maximum generic/proof iteration counts and 5000 ms deadline unchanged; no route/rank/cap/operator change; no seed/map/match/fuel dispatcher; no mask bytes; closed-bound behavior unchanged; zero invalid/emergency; BTC target-host performance final","m-1285 day10 positive and m-1286 day10 closed-bound control","Unit suite passed. Candidate proof prefix ran 6 iterations, produced 36 routes and accepted 6 exact candidates but improved none. Generic ALNS fell from parent 35 iterations/1 improvement to candidate 31/0; candidate selected 6/60/320 versus parent frozen witness 6/60/321. Exact seed/local stayed34 and recombination improvement stayed0.","research/holdouts/SCORE-ALNS-039.csv SHA256 83CB73EF1A1EB78C841E2AFB966E12FEF511A1F85EB3680EBD14E71428F43E18","Unopened after the first causal gate regressed official tier3",not-run,rejected,"Do not retune prefix length/order on m-1285. Reopen proof scheduling only from a new diverse counterexample proving a specific existing proof repair improves before generic ALNS"
ATTR-ALNS-038,2026-08-09,afcd2da,read-only-alns-substage-counters,"ATTR-POOL-037 narrows the exact 34 to selected 35 transition to the ALNS interval but current btc_main output omits counters that distinguish existing-column mutation from synthesized/proof-guided Pareto repair.","Extend the research-only claim probe, linked against the unchanged frozen parent library, to invoke one canonical solve and print the existing AlnsDiagnostics fields: accepted/improvements, synthesized routes/accepted, proof-guided iterations/routes/accepted/improvements and attempted/accepted arrays by operator. Require the selected plan to equal the frozen 321 witness before interpreting provenance.","Research probe only; unchanged parent library and source; same frozen replay/state/ledger and 5000 ms cap; exact plan-byte equality required; one instrumented run; local elapsed time ignored; no logic/cap/rank change, BTC or promotion","m-1285 day10 parent ALNS diagnostics","Selected 6/60/321 plan matched frozen witness bytes. Regular ALNS was 35 iterations, 25 accepted, 1 improvement; 66 synthesized routes and 11 synthesized accepted. StockMultiVisit index4 was attempted5/accepted5. Proof-guided and recombination improvements were both zero. Existing aggregate counters cannot attribute the sole improvement to portfolio versus synthesized route, but prove proof-guided starvation while guidance remained 6/60/322.","replay SHA256 D638BE3D0E136EF94542BBCE58AA6B086D6A7C872732EF27188392D5D19D2F77; witness plan SHA256 787F2C1774D11D08125115FD3F75488A222572CB0CB79692F14A877F5EB81DA4",not-applicable,not-run,inconclusive,"Exact subsource remains unobservable. A new candidate may test only schedule priority of the existing proof-guided phase under a separately frozen diverse holdout; do not infer route synthesis provenance"
ATTR-POOL-037,2026-08-09,afcd2da,read-only-better-route-provenance,"ATTR-ROUTE-036 proves the feasible 0x9D8 route is not discovered by the capped exact enumerator. The canonical pipeline nevertheless produced it, so changing enumerator cap/order before identifying its existing source would duplicate capability and risk another circular tradeoff.","Trace the selected 35-serving plan through current decision/master/ALNS/recombination wiring and one frozen-parent replay-solve attribution run. Determine whether 0x9D8 originates in the initial route portfolio, independent candidate, ALNS candidate-route augmentation or recombination; report stage counters and action membership only.","Read-only source/runtime attribution; frozen parent binary and replay; one run, no repeated sampling or local performance conclusion; official score and exact validation only; no source change, cap/rank tuning, BTC or promotion","m-1285 day10 frozen-parent pipeline provenance","Frozen parent reproduced the exact witness at 6/60/321. Exact seed/local stayed 34 with zero exact improvements over 504176 nodes; final was 35, ALNS improvements=1 and recombination improvements=0. This narrows the gain to the one-agent ALNS interval, but current wire output omits per-operator, synthesized and proof-guided counters, so portfolio-column versus synthesized-repair provenance is not observable from this run.","replay SHA256 D638BE3D0E136EF94542BBCE58AA6B086D6A7C872732EF27188392D5D19D2F77; witness plan SHA256 787F2C1774D11D08125115FD3F75488A222572CB0CB79692F14A877F5EB81DA4",not-applicable,not-run,inconclusive,"Reopen only through a research wrapper exposing already existing AlnsDiagnostics from the unchanged parent library; do not add production telemetry or rerun the same output schema"
ATTR-ROUTE-036,2026-08-09,afcd2da,read-only-agent0-frontier-membership,"ATTR-MASTER-035 proves the entire 35-versus-34 gain is one agent-0 mask substitution from 0x999 to 0x9D8, but does not establish whether 0x9D8 is absent from the exact route frontier or present and missed by coordination.","Reconstruct the frozen m-1285 day10 state and invoke the canonical anytime resource enumerator for agent 0 with production semantic parameters: minimum five spots, 32 retained routes, 1250000 settled-state cap, preferredBrands zero. Use no wall deadline and report deterministic settled count plus membership/rank data for masks 0x999 and 0x9D8 in maximal/supplemental/terminal frontiers.","Read-only research probe; canonical parent library and frozen replay; exact production route semantics and fixed operation cap; no planner/decision/source change; no local timing claim; no threshold/cap tuning; no BTC or promotion","m-1285 day10 agent0 canonical frontier","Supported but incomplete at exactly 1250000 settled states; 32 maximal routes, no supplemental/terminal routes. 0x999 is retained at index1; feasible 0x9D8 is absent. Frontier includes eight five-spot masks, so discovered six-spot 0x9D8 could not have been rank-evicted. Its exact path uses 96 movement steps plus wait4 and raw fuel73 from initial100, ruling out refuel-dependent infeasibility.","replay SHA256 D638BE3D0E136EF94542BBCE58AA6B086D6A7C872732EF27188392D5D19D2F77; target masks derived independently in ATTR-MASTER-035",not-applicable,not-run,accepted,"Attribution complete: omission is cap-limited exploration before discovery. Do not reopen by merely increasing cap or retuning rank against m-1285; first trace the existing canonical source of 0x9D8"
ATTR-MASTER-035,2026-08-09,afcd2da,read-only-exact-claim-attribution,"SCORE-EXACT-034 proves a second supplemental frontier does not improve the 34-serving exact bundle, while an exact-valid canonical parent solve has an archived 35-serving day10 plan. The missing capability cannot be inferred safely without comparing per-agent/per-spot claim masks.","Build a research-only executable against the canonical simulator/validator. Reconstruct the authoritative m-1285 day10 state and ledger from accepted replay events, parse the frozen 35-serving plan, independently validate it, and report served/denied claims by agent, spot, stock and mask; do not call search or alter production source.","Read-only attribution; exact replay state and accepted-ledger reconstruction; canonical simulator and independent validator agreement; frozen plan bytes; no timing/performance claim; no planner/decision/source change; no BTC or promotion","m-1285 day10 replay and frozen parent 321 plan","Both frozen plans independently validated from ledger 6/54/286. Agents 1..7 are byte-identical. Agent0 changes only mask 0x999 {0,3,4,7,8,11} to 0x9D8 {3,4,6,7,8,11}; both claim and serve six. The exchange removes one excess stock claim at spot0 and uses spare stock at spot6, changing exact day score 34 to 35 with no other action change.","replay SHA256 D638BE3D0E136EF94542BBCE58AA6B086D6A7C872732EF27188392D5D19D2F77; 35-plan SHA256 787F2C1774D11D08125115FD3F75488A222572CB0CB79692F14A877F5EB81DA4; 34-plan SHA256 60CBC8BE30326307ED895B1111CCA39EB1E1BAA0B60EDC9CE6E726DCC9FE0832",not-applicable,not-run,accepted,"Attribution is complete; successor may inspect exact-frontier membership but may not infer or tune a retention policy from this single replay"
SCORE-EXACT-034,2026-08-09,afcd2da,rejected-lifetime-complete-supplemental-exact-routes,"On m-1285 day10 the accepted exact bundle serves 34 and exact coordination explores 504176 nodes including 500129 overlap nodes with zero improvement, while the canonical master/ALNS can reach 35 and guidance is 36. The low-fuel anytime enumerator retains only 32 maximal spot masks when lifetime coverage is already complete because supplemental retention is disabled at preferredBrands==0, even though daily distinct and servings remain official objectives.","Inside the existing fuel-constrained anytime path only, pass all public config brands as the preferred set when the ledger has no missing lifetime brand. This activates the existing separately capped supplemental exact-mask frontier and existing enhanced coordination pass; incomplete-lifetime behavior, high-fuel enumerator, route semantics, caps and official comparator stay unchanged.","Official lexicographic score only; no weighted sum or map/seed/match routing; exact simulator and independent validator for every admitted plan; existing 32-route cap per maximal/supplemental frontier and 1250000 settled-state cap; high-fuel and incomplete-lifetime paths unchanged; 5000 ms internal hard cap; zero invalid/emergency; BTC target-host performance final","m-1285 day10 exact-bundle attribution; unit exact-route validity","Unit suite passed. The candidate created two exact bundles instead of one and added one exact column per patrol, but exact seed/local remained 34 and final stayed 6/60/320 with guidance 6/60/322; zero invalid/emergency and exact overrun.","research/holdouts/SCORE-EXACT-034.csv SHA256 6A9D06F06DBB49FDE8B3EAC1CA983C3CD8D2C33683CD012DADFEB775A7D2655B","Unopened after the first causal positive gate produced no gain",not-run,rejected,"Reopen exact-route retention only from exact claim-mask attribution of a better canonical witness; do not retune supplemental rank or cap against m-1285"
PERF-SYNC-033,2026-08-09,afcd2da,rejected-incremental-partial-synchronization,"Archived low-fuel BTC m-1285 leaves the master deadline-open by 2-5 servings on all ten days. DFS performs up to 116625 partial synchronization checks/day; the current predicate reconstructs assigned masks, escort counts and selected refuel coverage by rescanning the whole partial selection on every node. High-fuel m-1286 is a closed-bound negative control.","Replace only the DFS full rescan with a reversible incremental state: push the newly selected column, maintain assigned-agent mask, escort member/tanker counts and selected required/provided refuel-event counts, evaluate the same feasibility predicate against the existing global provider masks, then pop exactly on rollback. Beam and final complete synchronization validation remain independent controls.","Official lexicographic comparator and portfolio/branch order unchanged; predicate equivalence for every partial selection; exact simulator and independent validator unchanged; no role/fuel/map/seed dispatcher; no new work budget; 5000 ms internal hard cap; zero invalid/emergency; local latency has no promotion authority; BTC target-host performance final","Unit suite and six fresh fixed-role semantic fixtures passed; final causal gate was m-1285 day10 against an exact frozen parent","Fresh fixed screen matched all 27/27 day plan hashes, scores and combination counts. On m-1285 day10 parent reached 6/60/321 with 5119 combinations and 195961 partial checks; candidate reached 6/60/320 with 1129 combinations and 9685 checks. Both were exact-valid and deadline-bound with guidance 6/60/322.","research/holdouts/PERF-SYNC-033.csv SHA256 C40DD7A1FDA69FEA54ABE1ED3B374506C56B82628386855465F30664C9B74CA1","Seeds 936000..936005 were opened for semantic screening and matched exactly; remaining lanes unopened after causal rejection",not-run,rejected,"Reopen synchronization performance only with target-host profiling that identifies a different concrete implementation bottleneck; do not retune incremental containers or use local elapsed time"
SCORE-ROLE-032,2026-08-09,afcd2da,rejected-operation-bounded-role-evidence,"SCORE-FINAL-001 changed no role source yet native seed 923007 flipped from mask8 at 6/24/38 to mask4 at 6/24/32; same-candidate fixed masks reproduce 38 versus 32. rollout_role_assignment feeds a 60 ms wall-clock-truncated Portfolio seed into official role score even in exhaustive selection, while timed selection also compares unequal-depth partial rollouts","Preserve EventConflict, MacroMCTS, route master, exact simulator and independent validator, but give each role assignment/day a candidate-independent fixed work allowance derived from the existing maximumCombinationsPerDay; wall-clock remains only an outer abort. A partial unit may not outrank a completed equal-depth unit; public config and fixed work limits only, no seed/map/match/fuel heuristic","Official lexicographic role and day score; same Portfolio/MCTS/master capability; equal work per assignment; deterministic seed and traversal; exact validation; 5000 ms role/solver hard cap; short and long horizons share one implementation; no weighted sum or fixture dispatcher; zero invalid/emergency; target-host performance final","Unit suite passed, but exact development seed 923007 selected mask4 and finished 6/24/32 under both parent and candidate in the paired run; operation-bounded evidence stabilized the losing coarse evaluation instead of recovering exact-better mask8 at 6/24/38","research/holdouts/SCORE-ROLE-032.csv SHA256 FAB2F1E71CC90185AB56D11ADF7FBD604F1FD1331AD77C528C8F3C9E8BDDA44E","Unopened after the first causal gate failed",not-run,rejected,"Reopen only with a new capability mismatch not already falsified by SCORE-ROLE-008/012/030/031/032; do not tune work counts or add width/time to force seed 923007"
SCORE-FINAL-001,2026-08-01,afcd2da,rejected-final-day-search-reallocation,"m-1285 day10 selected exact 6/60/320 below guidance 6/60/322 while master hit deadline and measured certification was zero; m-1286 day10 is the closed-bound negative control at 6/60/412","Only on the terminal day certify scenario profiles directly from already exact-simulated independently validated current-day candidates; reduce certification to the existing validation floor, transfer the released duration to search and remove the F0 future-profile reserve","Official lexicographic score; exact simulator and independent validator before candidate admission and after selection; 150 ms F0 guard; 25 ms validation floor; 1600 ms BTC network reserve; total and internal hard cap unchanged; all non-terminal paths byte-equivalent; zero invalid/emergency; BTC target-host performance final","Unit suite passed; m-1285 day10 improved 6/60/320 to 6/60/321 and m-1286 tied 6/60/412 with zero invalid/emergency","research/holdouts/SCORE-FINAL-001.csv SHA256 CDBC63E7AF1FFA22E0B6C9CD5342CA3C0BC8A2E269B668C18567DACDC0116E66","General-fixed 0/12/0. Native lane was stopped after seed 923007: candidate changed role mask 8 to 4 and lost 6/24/38 to 6/24/32; exact parent provenance was confirmed from 08771f1 whose planner/decision diff to afcd2da is empty. No latency claim from local runs.",not-run,rejected,"Reopen terminal budget reallocation only after role evidence is operation-bounded and invariant to code-layout/local scheduling; do not hide a native-role regression behind fixed-role gains"
SCORE-ROLE-031,2026-08-01,afcd2da,rejected-parallel-isolated-role-rollouts,"m-1286 exact masks4/1 tie at 41 on day1 but diverge to 412/422; SCORE-ROLE-030 proves more serial width through 96 percent leaves the coarse rank wrong, and all-patrol day1/three-day marginal contributions incorrectly favor removing agent2, so neither centrality nor patrol-opportunity proxies are causal","For only long-horizon fuel above twice maximum day steps, decompose the independent role-assignment rollouts across isolated engine instances launched concurrently after the common probe; every assignment gets the same existing global 85 percent deadline and unchanged 256-combination/day exact rollout, then results merge under the unchanged official comparator","No proxy, learned score, tier relaxation, seed/map/match routing or search-space change inside an assignment; same beam and rollout function; isolated mutable caches; common deadline; low/default/medium and short paths byte-equivalent; returned width unchanged; 5000 ms hard cap; exceptions fail closed; zero invalid/emergency; BTC target-host performance final","m-1286 causal pair; m-1285 disabled negative control; concurrency safety and determinism","On the contended development host the isolated tasks made evidence quality depend on CPU competition: mask4 remained first at rollout 6/60/228 while exact-better mask1 fell to 6/55/218; elapsed 2947 ms is not a performance verdict, but the causal rank remained wrong and host-independence invariant failed","research/holdouts/SCORE-ROLE-031.csv SHA256 BAEC90234791109009D56D10402C5DD720B2399DB0A1A67DFF38036A14144EA2","Unopened after the development rank and host-independence gates failed; candidate and diagnostic instrumentation fully reverted; source byte-identical to afcd2da",not-run,rejected,"Reopen parallel role evaluation only with operation-bounded per-assignment work and deterministic evidence independent of CPU scheduling; do not use wall-clock concurrency to rank roles"
SCORE-ROLE-030,2026-08-01,afcd2da,rejected-high-fuel-finalist-refinement,"Fresh explicit-advanced BTC m-1286 high-fuel selected central one-tanker mask4 and scored 6/60/412; same-binary exact counterfactual mask1 stably reproduced 6/60/422 twice while the incomplete role rollout ranked mask4 only one serving ahead at 231 versus 230","Only for horizons above five days with fuel strictly above twice the maximum day steps and incomplete full-horizon evidence, take the top two assignments with the same patrol count as the official-rollout leader; split a bounded refinement window equally, rerun the canonical exact rollout with the richer existing 8000-combination portfolio, retain the lexicographic maximum old/new evidence for each identical mask, then apply the unchanged official comparator","No centrality/facility/seed/map/match routing; no weighted sum or tier relaxation; equal slices and identical canonical simulator/validator; old evidence cannot decrease per mask; low/default/medium and short horizons byte-equivalent; returned beam width unchanged; role wall at most 96 percent of 5000 ms; zero invalid/emergency; BTC final","m-1286 masks4/1 only; m-1285 negative control; historical central-role failures are protected","The bounded 8000-combination refinement consumed the window through 4794 ms but left the causal order unchanged: mask4 rollout 6/60/231, mask1 6/60/230; it did not expose the stable exact +10","research/holdouts/SCORE-ROLE-030.csv SHA256 4F399B26E148A0B58DAEB44551C12BF7502711D987B24C7DBFE73126EA2D859C","Unopened because the development counterexample remained; source and tests restored byte-identical to afcd2da",not-run,rejected,"Reopen m-1286 only with new trajectory-consistent multi-day attribution that explains days 2/4/5/7/10; do not retry wider or longer versions of the same coarse rollout"
PERF-DEADLINE-003,2026-08-01,08771f1,accepted-identical-action-resend,"BTC m-1278 received six valid ACKs at 3121..3130 ms, sent day7, then WinHTTP 12002 terminated the client; days8-10 were lost and a live lead became rank4 6/44/196","Use a request-level bounded ACK receive slice for POST actions; on retryable WinHTTP timeout or resend error, wait at least the BTC poll interval and resend the byte-identical body only while the authoritative day deadline permits another attempt; record retry telemetry","No solver/role/comparator/action-body change; no extra compute; 5000 ms hard cap unchanged; identical resend only; accepted ACK day must equal wireDay plus one; ledger applies once; zero invalid/stale/emergency; normal no-timeout path equivalent; BTC final","m-1278 transport attribution; controlled timeout-resend server; no local performance verdict","Controlled delayed-ACK probe produced two byte-identical bodies, one applied ACK and one retry event; this validates resend semantics only, not local performance","research/holdouts/PERF-DEADLINE-003.csv SHA256 AEF7B9C72F08FEAA2E79BE69CAFB6C16AC8D6FAC6942AD1A598C91DEFE680A6A","m-1283 normal production path and m-1284 forced exact-body resend both completed 10/10 valid applied ACKs, 9/9 reconciled transitions, zero invalid/stale/emergency and exact replay-check summaries","m-1283 rank1 6/60/312, max response 2958 ms, max solver 2925 ms, replay SHA256 E085ACA345C2361FBBD05142905FF64EC4341D27EB6AF2795A3C6A965CF6A173; m-1284 forced resend rank1 6/60/277, max response 3060 ms, max solver 2848 ms, replay SHA256 F0454045E278E7D696FBA365335CB41764971D0E5EC0587A2808DBDE9EEBAAA9; final production exe SHA256 ACA63DCC68DA5339DF98A7D5BCC792AF168D97CF09F382861540A1341B4BF7E0",accepted,"Reopen only on action-body drift, duplicate ledger application, stale-day acceptance, invalid response, 5000 ms violation or fresh target-host ACK-tail failure"
SCORE-ROLE-029,2026-08-01,08771f1,rejected-terminal-day-executable-probe,"Exact day trajectories separate the positive and negative archive examples at the final day: m-1266 one/double servings 18/29 while m-1241 one/double are 37/30; aggregate role rollout hides this because all 16 masks share tiny per-day slices and the simplified portfolio cannot express fuel-supported late harvest","End coarse low-fuel long-horizon rollout at 75 percent; retain the start state and ledger of the final simulated day for the best one-tanker and best two-tanker; split the interval to the existing 92 percent role wall equally and re-solve that final day with production-like columns, harvest extensions and conditional exact orienteering; admit two tankers only if coarse lifetime ties and the executable terminal score is no worse in lifetime/daily and lexicographically beats one tanker","No weighted sum or aggregate tier trade; terminal probe is an exact simulated official day score from the candidate's own coarse state; no seed/map/family routing; same role masks and caller width; short/default/high unchanged; exact simulator/validator; 5000 ms hard cap and 92 percent role wall; zero invalid/emergency; BTC final","Loaded-local diagnostic produced only 4/4/9 for the best one-tanker and 3/3/10 for mask192; because the result is deadline-sensitive on a contended local host it is not a valid performance rejection","Fresh BTC m-1278 and m-1280 selected two tankers only where one- and two-tanker coarse lifetime/daily already tied, so the parent SCORE-ROLE-023 fallback was sufficient; the terminal probe remained at 4/4 on m-1280 while production reached 6/6","research/holdouts/SCORE-ROLE-029.csv SHA256 61BE95EAB2FCDA6886CF8EB68CC3009C42F39B55DE3FEDC3B320F8C993C8A6DB","Holdout unopened because the mechanism failed causal attribution; candidate absent from source","m-1278 transport-incomplete rank4 6/44/196; m-1279 mask1 rank1 6/60/310; m-1280 mask192 10/10 valid rank1 6/60/300 but parent equality fallback already explains the selection; replay SHA256 FAB35645B9FEBA89E4A2DC0DEF0C864B24F8172D2DBB5542E97875CF65E86F44",rejected,"Reopen only with a trajectory-consistent multi-day finalist witness inside 5000 ms; do not re-solve a terminal day from an already-diverged coarse state"
SCORE-ROLE-028,2026-08-01,08771f1,inconclusive-role-rollout-harvest-parity,"Exact m-1266 mask192 produced 25-29 servings per day and 6/60/267 in the current run versus live mask1 6/60/228, with gains concentrated after day3; role rollout mask192 saturated patrol fuel at 600/600 but repeated about 18 servings per day because rollout generation never enables the harvest-extension capabilities used by the full production solver","For long-horizon low-fuel full role rollouts only, enable the engine's existing production harvest-extension path with the same configured mode, uncached-target allowance, source count and day-dependent extension depth; retain the current master, official comparator, role beam and deadline","No new heuristic or proxy; reuse canonical production generator semantics; no weighted sum/seed/map/family routing; short/default/high and one-day probes unchanged; exact simulator/validator; same 5000 ms and 85 percent rollout wall; caller width unchanged; zero invalid/emergency; BTC final","Loaded-local diagnostic left one tanker ahead and mask192 at 6/46/164, but the timed result is load-sensitive and cannot reject the candidate","No semantic invalidity observed; local timing has no authority","research/holdouts/SCORE-ROLE-028.csv SHA256 0EF4FBFEA6850208765A92E5772849A08D52EC8A28544E8E9DBC7B55F850EA1D","Unopened pending BTC target-host development gate",not-run,inconclusive,"Resolve only on BTC live at 5000 ms; do not use contended-local timing to reject or promote"
SCORE-ROLE-027,2026-08-01,08771f1,rejected-brand-stratified-anytime-columns,"Temporary day-level telemetry on m-1266 mask192 showed master selected every day and patrol fuel reached the full 600/600 by day4, yet the role rollout repeatedly delivered 18 servings while covering only four or five of six brands; RouteColumnGenerator sorts target spots by rarity/stock and truncates queries/seeds by spot rather than brand, so duplicate high-stock brands can consume the six-target anytime cap","Preserve the existing priority order but promote the first reachable target of every brand ahead of duplicate-brand targets in both query order and retained seed order; after one-per-brand coverage, fill remaining slots by the unchanged priority and spot-diversity rules","Official lexicographic daily coverage precedes servings; no weighted sum; no seed/map/family routing; identical query/seed caps and deadlines; no added search complexity class; exact simulator/validator; caller role width unchanged; 5000 ms hard cap; zero invalid/emergency; BTC final","On m-1266 brand stratification raised one-tanker mask2 rollout to 6/60/169 and selected it over mask1, while the best visible two-tanker remained only 6/52/179; archive exact scores are mask2 6/60/206 versus mask1 6/60/228, so the candidate chose a mask known to lose 22 servings and still failed to expose profitable mask192","Better proxy coverage did not improve exact role ranking and instead overfit the incomplete evaluator's daily tier","research/holdouts/SCORE-ROLE-027.csv SHA256 4CFF75E3D849C82466BBCCB1FEC1ED2FFB8ADAE98C800083474877C1BAF763D8","Unopened after development failed; m-1241 and protected lanes were not run",not-run,rejected,"Reopen column diversity only with exact-plan attribution proving the newly retained columns also improve the actual day solver; do not promote on rollout coverage alone"
SCORE-ROLE-026,2026-08-01,08771f1,inconclusive-paired-finalist-refinement,"At 5000 ms the expanded 16-mask low-fuel beam receives equal coarse slices only through 85 percent of the role budget; m-1266's profitable two-tanker mask192 trails the best one-tanker on coarse rollout daily score and is rejected, while the remaining 7 percent to the 92 percent role wall is used only for selected-role prewarming","Within the existing 92 percent role wall, re-run only the current best one-tanker and best two-tanker finalists using the richer 8000-combination rollout configuration and equal deadline slices; retain the lexicographic maximum old/new evidence for each identical mask, then apply the unchanged lifetime-and-daily equality fallback","No weighted sum or daily relaxation; no seed/match/family routing; same masks and official score comparator; per-mask evidence only improves lexicographically; caller width unchanged; 5000 ms hard cap and 92 percent role wall unchanged; exact simulator/validator; zero invalid/emergency; BTC final","Loaded-local diagnostic left mask192 at rollout 6/48/176; this deadline-sensitive observation has no performance authority","No semantic invalidity observed; local timing cannot resolve the mechanism","research/holdouts/SCORE-ROLE-026.csv SHA256 A785F6F89FA8AEBD7BA4924CF1FA4FDFA529798F5C3B9D9507C0F6D67B65D238","Unopened pending BTC target-host development gate",not-run,inconclusive,"Resolve only on BTC live at 5000 ms; local may verify equivalence and invariants only"
SCORE-ROLE-025,2026-08-01,08771f1,rejected-terminal-fuel-two-tanker-gate,"m-1266 retained two-tanker mask192 exact 6/60/275 versus champion mask1 228, but strict rollout daily equality rejects 6/48/176 versus 6/51/192; SCORE-ROLE-024 proved servings-per-patrol is unsafe","Retain lifetime equality and existing exact-daily equality path; when two-tanker daily trails by at most one configured brand-day, admit it only if terminal patrol fuel per patrol is strictly higher than the best one-tanker, compared exactly by int64 cross multiplication","No weighted sum; no seed/match/family routing; terminal fuel is simulator state not local timing; daily gap bounded by brand count; 4/5-day and default/high unchanged; caller width and 5000 ms unchanged; exact simulator/validator; zero invalid/emergency; BTC final","m-1266 mask192 has terminal fuel 600/6 versus single486/7 and exact +47. On the development counterexample m-1241 the candidate instead selected mask96 from rollout 6/56/211 and fuel466/6 over mask32 at 6/57/195 and fuel328/7; exact mask96 scored 6/60/302 versus mask32 6/60/331, a 29-serving loss","Terminal fuel measures unused surplus after under-serving and fails to separate the positive and negative examples","research/holdouts/SCORE-ROLE-025.csv SHA256 1440E646C8C91B0485E181734B201132368E4306AF581836270C07FAB3B20A66","Unopened after the development counterexample triggered rejection",not-run,rejected,"Reopen only with a new pre-score capacity signal causally tied to deliverable late-horizon servings that separates m-1266 mask192 from m-1241 mask96; do not tune on the frozen SCORE-ROLE-025 holdout"
SCORE-ROLE-024,2026-08-01,08771f1,rejected-patrol-normalized-two-tanker-gate,"BTC m-1266 live one-tanker mask1 scored 6/60/228 while retained two-tanker mask192 exact counterfactual scored 6/60/275; strict incomplete-rollout daily equality rejects mask192 at 6/48/176 versus 6/51/192","Keep lifetime equality; permit two-tanker rollout daily to trail the best one-tanker by at most one configured brand-day only when two-tanker tier3 servings per patrol are at least the one-tanker rate, compared exactly by cross multiplication; retain all SCORE-ROLE-023 beam and capacity gates","No weighted sum; no seed/match/family routing; daily loss bounded by brand count; per-patrol rate uses int64 exact cross multiplication; 4/5-day and default/high unchanged; caller width unchanged; same 5000 ms; exact simulator/validator; zero invalid/emergency; BTC final","Development: m-1266 mask192 exact +47; m-1241 normalized rate rejects exact -49; m-1264 mask80 exact +49; m-1255 prior mask80 exact +27","The discriminator explains three opened gains and one loss but fails total-capacity protection on fresh high-stock and threshold fixtures","research/holdouts/SCORE-ROLE-024.csv SHA256 3CE6EFA05711CC4C12769557CC44EDCB169FBF5F23B6B737D674F32AEA415AEB","General short 0/6/0 exact. All 12 low cases reached 6/60 with zero invalid/emergency; 7 retained the same role mask and exposed local cutoff noise as large as -83. Five masks changed. Seed861001 was unstable across fixed repeats and excluded from causal verdict. Stable same-binary fixed attribution on the other four flips was 2/0/2: gains +6,+5=11 versus losses -54,-15=69, tails +6/-54 across overnight and rare-brand gains versus high-stock and threshold losses. Default/high and BTC were not opened after the material global reject condition fired",not-run,rejected,"Reopen only with new pre-score telemetry for total late-horizon capacity that independently separates m-1266 from high-stock seed861004 and threshold seed861008; do not tune on opened holdout masks"
SCORE-ROLE-023,2026-08-01,5599e76,accepted-lowfuel-stratified-comparison-beam,"Timed selector probes only all-patrol and at-most-one-tanker masks; with production width8 those refined masks fill the beam and make the SCORE-ROLE-022 discriminator unreachable even though width16 exposes profitable m-1264/m-1255 two-tanker masks","For long-horizon low-fuel matches only when two tankers still leave at least one patrol per brand, internally expand the same-deadline comparison pool to min(mask count,max(requested width,2*agent count)); retain the caller-visible requested width after selection; on incomplete evidence select the best two-tanker only when its rollout lifetime and daily tiers exactly tie the best one-tanker","No extra time beyond 5000 ms; no seed/match/family routing; requested result width unchanged; 4/5-day and default/high fuel semantically unchanged; first two rollout tiers cannot regress; exact simulator/validator; zero invalid/emergency; BTC final authority","Production beam8 integration selected m-1264 mask192 for exact +65 and m-1255 mask80 for +27 while retaining m-1241 mask32 and avoiding its -49 counterexample; unit suite passed","The production-width mechanism reproduces two independent gains and one protected counterexample within the same role deadline","research/holdouts/SCORE-ROLE-023.csv SHA256 B2F0A6E8532F0CEFA8408BAF5A6378133FBCFE441943D6C99D9091799081676A","Fresh low-fuel 4/1/3, all tier3, gains +9,+1,+46,+5=61 versus losses -3,-23,-8=34, tails +46/-23, zero invalid/emergency. General short raw 1/5/0 with one noncausal timed mask crossover +1. Default raw 0/1/3 (-3,-5,-23) and high raw 1/1/2 (+3,-9,-6), but all eight default/high cases retained identical masks with candidate branches disabled, so causal 0/8/0; no tier1/tier2 regression","m-1266 explicit advanced low: live mask1 rank1 6/60/228 versus next bot 6/59/158; parent selector chose mask4 and exact counterfactual scored 6/60/220, causal +8. Role wall4641 ms; action p95/p99/max3178 ms; decision max3105 ms; 10/10 HTTP200 valid; 9/9 transitions; emergency0; replay SHA256 11F037E67D344D14D0E9A8AA9230D4DC482D3A5272DA764732C340980F690649",accepted,"Reopen on any target-host role wall at or above 5000 ms, tier1/tier2 regression, systematic low-fuel tier3 downside, caller-visible beam-width drift, invalid/emergency output or new exact counterexample where the equality guard admits a materially losing two-tanker assignment"
SCORE-ROLE-022,2026-08-01,5599e76,rejected-tier-preserving-two-tanker-fallback,"Long-horizon low-fuel role rollout underprices two-tanker future logistics: m-1264 mask128 6/60/261 versus masks192 326 and144 330; m-1255 mask64 286 versus masks80 313 and48 305; blanket two-tanker loses m-1241 mask32 331 versus mask96 282","When long horizon and low fuel have incomplete evidence, compare the best existing one- and two-tanker beam members; choose two tankers only if at least one patrol remains per brand and lifetime plus daily-distinct rollout tiers exactly match the one-tanker fallback; use the official comparator only within each tanker-count class","No seed/match/family routing; 4/5-day and default/high fuel unchanged; original beam/search/budget; first two official tiers may not regress in the fallback evidence; exact simulator/validator; zero invalid/emergency; 5000 ms; BTC final authority","Development beam16 selected profitable masks192 and80 and protected m-1241 mask32, but production beam8 retained no two-tanker assignment on m-1264 or the three archive probes","At beam16 two-tanker gains +65 on m-1264 and +27 on m-1255 while m-1241 is protected; at production beam8 the mechanism is unreachable because probed all-patrol and one-tanker assignments fill the beam","research/holdouts/SCORE-ROLE-022.csv SHA256 15A17CBA3606B5141237928DD2405B58888D1C01D59AB837E1316AF736285E92","General short 0/6/0 raw and causal with exact masks/scores; BTC-low raw 0/2/2 with same-mask tier3 noise -4/-2, causal 0/4/0; archive m-1252/m-1138/m-1134 and m-1264 production beam8 expose no two-tanker member; zero invalid/emergency",not-run,rejected,"Reopen only with a separately preregistered mechanism that guarantees tanker-count diversity inside the same 5000 ms beam and preserves the caller-visible beam contract"
SEM-REFUEL-001,2026-08-01,8caea45,no-source-change,"m-1258 transitions to days 9 and 10 gave full fuel 300 to patrols that first arrived on the tanker cell at terminal step 100; simulator predicted 185 and 194 under the documented full-colocation-step rule","Create a preregistered advanced BTC conformance match and submit a plan where one patrol first reaches the stationary tanker exactly on the final step while a control patrol completes at least one full co-location step; compare authoritative next-day fuel with both independent local engines","No source or solver change; exact submitted actions and server states retained; one mechanism only; 5000 ms; no score-promotion authority; distinguish terminal arrival from sustained co-location and ordinary carryover","All 37 archived live replays; m-1258 is the only terminal-arrival/full-refuel example","m-1258 a5 day8 expected 755/185 actual 755/300 and a7 day9 expected 755/194 actual 755/300; m-0922 has unrelated same-position +7 fuel mismatch with tanker elsewhere; no other live transition mismatch of this shape","research/holdouts/SEM-REFUEL-001.csv SHA256 A0BB8C62110D8EB434E07AFE76771867574864FB799E031F13DE7E4A26DFF937","m-1261 accepted assignment [tanker,patrol,patrol] and the exact day1 probe; terminal-arrival patrol reached tanker cell63 only at step20 and authoritative day2 fuel was full20 instead of local14; sustained control also returned full20; evidence research/evidence/SEM-REFUEL-001-m1261.json","authoritative rule page still says co-location at least one step, but m-1258 natural cases and isolated m-1261 prove the day boundary counts terminal co-location for next-day fuel",accepted,"Reopen attribution only if BTC changes server semantics; implementation and protected parity are tracked separately as SEM-REFUEL-002"
SEM-REFUEL-002,2026-08-01,8caea45,accepted-end-day-refuel-transition,"SEM-REFUEL-001 proved BTC gives full next-day fuel when a patrol first reaches a tanker on the terminal step, while both local engines preserve pre-arrival fuel","After all current-day action validity, pickup, traffic and scoring are finalized, set next-day final fuel to capacity for every patrol sharing its terminal cell with any tanker; implement independently in simulator and validator and expose the boundary state in the final trace snapshot","No fuel may be spent retroactively; current-day validity, score, claims and road footprint byte-equivalent; only terminal co-location changes final fuel; noncolocated and intra-day full-step behavior preserved; 5000 ms; independent validator; BTC final authority","m-1261 isolated counterexample; independent unit branches pass; all 37 live replays rescanned","m-1258 transition reconciliation improved 7/9 to 9/9 with no new mismatch in 37 live replays; the only remaining mismatches are unrelated m-0922 +7 fuel with tanker elsewhere and incomplete/reconnect m-1131","research/holdouts/SEM-REFUEL-002.csv SHA256 602B29A9A43E626C99F2C4919985B11DE8839B8CB11DF9236BEF54B22FF94626","Frozen paired matrix 8/11/5 with zero invalid/emergency. Fixed general 3/3/0; native general 1/4/1 with one tier2 win and one -5 tier3 loss; BTC default 1/0/3 with +5 win and three -1 losses; low 3/1/0 with +1,+86,+24; high 0/3/1 with one -1 loss. All losses tier3; largest downside 5","m-1264 explicit advanced low-fuel: mask128; rank1 6/60/261 versus 6/60/202 next; 10/10 HTTP2xx valid and validator-agreed; 9/9 transitions reconciled; zero skip/WAIT/emergency/overrun; max solver2845 ms; role replay3956 ms; replay SHA256 2811EC26C075829D63F61B7949394470B568CFDA72F6B30A51838CF9ACD4540A",accepted,"Reopen only on new authoritative BTC contradiction, any noncolocated fuel change, simulator-validator disagreement, systematic tier1/tier2 regression or target-host hard-cap failure"
BTC-COMBINED-001,2026-08-01,6f84a06,PERF-DEADLINE-001+SCORE-ROLE-016,"The frozen role candidate required a target-host safety and score gate after the performance fix cleared the prior m-1228 deadline failure","Run the unchanged combined binary on a fresh explicit-advanced low-fuel BTC practice match","Hard; three bots; 10 days; 32x32; 100 steps/day; 5000 ms; eight agents; 12 spots; six brands; fuel 1x=100; zero invalid/emergency/overrun; independent validator","No development tuning on m-1241","Live assignment mask 32; parent and candidate replay-role scans also select mask 32, so this is safety/runtime evidence rather than causal role-gain evidence","Replay SHA256 88DB2191111AAFB039CCB5477CFB2624EF12354CA48E1857CA00EB1621918DFA","10/10 HTTP 200 valid; max response 3224 ms; zero emergency and exact overrun; replay-check reconstructed 6/60/340","m-1241 rank 1 at 6/60/340 versus bots 6/58/181, 6/58/171 and 6/57/185",accepted,"Reopen this lane only on invalid/emergency/deadline failure or a materially different published BTC configuration"
PERF-DEADLINE-001,2026-08-01,6f84a06,provisional-working-tree,"BTC m-1228 day 1 spent 7333 ms in exact orienteering and 7532 ms total against a 4353 ms internal solver profile; stale queue entries were not counted by deadline polling and exact team feasibility still searched after reaching a proven absolute score bound","Poll deadlines by processed bucket/queue entries; cache exact terminal hex distances; enumerate independent high-fuel patrol starts with at most four workers; cancel team coordination cooperatively; skip feasibility only when the incumbent equals the absolute all-brand and sum(min(stock,patrolCount)) upper bound","No score/comparator/route-width/role/simulator change; byte-equivalent action portfolio when work completes before deadline; exact simulator and independent validator agreement; zero invalid/emergency; internal hard cap 5000 ms; BTC target host final authority","Targeted expired-deadline and no-deadline equivalence tests plus m-1228 day-1 replay on parent/candidate","Tests pass; m-1228 parent/candidate byte-identical at 6/36 and fresh BTC m-1235 passed 10/10 valid with rank 1 at 6/60/337","Repeated fixed-role BTC-scale screen seeds 700000/710000/720000","General fixed/native tied 6/6 each with zero invalid/emergency; all BTC-scale runs kept 6/60 and validated, while tier-3 deltas were default -3 then -2, low -13 then +14, and high -7 then 0, proving local deadline/load cutoff noise is inconclusive","m-1235 explicit hard/3-bot/10-day/32x32/100-step/5000-ms/8-agent/12-spot/6-brand/fuel200: 10/10 HTTP 200 valid, max response 2647 ms, zero emergency, zero exact overrun, validator agrees all days, rank 1 at 6/60/337 versus 6/60/293 next",inconclusive,"Run the frozen combined stack on a fresh explicit BTC low-fuel 1x match; reject only on target-host invalid/emergency/deadline or material score failure, not local tier-3 cutoff noise"
SCORE-ROLE-016,2026-08-01,6f84a06,inconclusive-global-enable,"The exact SCORE-ROLE-002 mechanism had two demonstrated gains/preservations and a six-replay tie but was rejected solely because m-0929 lost 10 tier-3 servings with lifetime/daily unchanged; the corrected promotion rule allows bounded sparse downside when global paired benefit is sufficiently large","For each timed beam assignment retain the parent narrow rollout and add a production-width rollout from the same unrefined assignment only with remaining time; choose their exact lexicographic maximum, then measure selected-role consequences across unique complete BTC setups without retuning","Official per-match lexicographic score; no weighted tier sum; exact simulator/validator agreement; zero invalid/emergency; internal role/day cap 5000 ms; global verdict reports W/T/L, first differing tier, gain/loss magnitude and strata; BTC target host is final authority","Previously opened m-1143/m-1138/m-0929; 22-replay BTC archive; 60-map exhaustive-role control","22-replay BTC archive exact 3/17/2 with daily net +5 and servings net +148; the 0/56/4 exhaustive control did not call select_roles_until and included PERF-DEADLINE-001, so it has no causal role verdict","research/holdouts/SCORE-ROLE-016.csv SHA256 16F8E3A820D33BF42FA0791D64E125D635962C6E926298213AEDCD8B19C78312","Positive non-monotonic archive evidence; exhaustive control retained only as combined-build timing evidence","m-1241 combined safety gate passed rank 1 at 6/60/340, but live mask 32 matched parent and does not prove causal role gain",inconclusive,"Resolve only with a frozen deadline-role parent-versus-candidate gate on the actual select_roles_until runtime path"
SCORE-ROLE-017,2026-08-01,6f84a06,rejected-measurement-design,"SCORE-ROLE-016 gained on 32x32 setups with 12/13 spots while the apparent small-input losses came from a later-proven non-causal exhaustive control","Run the frozen nested production-width role rollout only when configured spot_count exceeds the parent narrow maximumTargetSpots cap of 8; otherwise skip the duplicate pass and retain the parent path","Observable semantic capacity boundary only; no seed/match/family routing; unchanged wide mechanism above the boundary; exact parent role path at or below the boundary; 5000 ms; exact simulator/validator; zero invalid/emergency","General seed 320003 causal audit","Base scored 6/30/39 mask4; PERF-only 6/30/34 mask8; guarded build 6/30/39 mask4 even though spots<=8 executes the same narrow logic, proving cross-binary wall-clock confounding","research/holdouts/SCORE-ROLE-017.csv SHA256 80FB3CE309A2E3D43F5A36EDBAD0F37C56FA4127713B85B5B8DE8879BA989159","Manifest used exhaustive mode and therefore did not execute the timed candidate path; no valid candidate holdout opened",not-run,rejected,"Reopen only as a new two-phase candidate with a deadline-role manifest and a causal PERF-only parent"
SCORE-ROLE-018,2026-08-01,PERF-DEADLINE-001,rejected-two-phase-slack,"Interleaving wide rollout inside each assignment slice could consume time before later parent narrow witnesses were constructed; prior exhaustive matrices did not exercise this timed path","Run every parent narrow beam member through the original shared 85% rollout boundary; use only genuine remaining pre-85% slack for same-assignment production-width rollouts when spot_count>8","Official lexicographic comparator; exact simulator/validator; no seed/map/family routing; role/day hard cap 5000 ms; BTC final authority","Cross-binary general seeds 330000-330005 then same-binary causal seeds 340000-340005","Cross-binary screen appeared 1/5/0 but changed masks when the wide stage was unreachable; same-binary screen then appeared 0/3/3 despite the same unreachable stage, proving wall-clock cutoff noise and no causal general benefit","research/holdouts/SCORE-ROLE-018.csv SHA256 A4688DA19C5B6A6611125DF7C3E13659C5EA5727C7FDCE2431CEA9D996590726","No BTC-like holdout seeds opened; mechanism removed without tuning","m-1252 low-fuel live returned all-patrol mask 0 and rank 4 at 6/52/138; exact-valid one-tanker counterfactuals reached mask64 6/60/315 and mask4 6/60/284; replay SHA256 B443AB6C3AC0A73EE6FB623E559684AF0A590CE1C2B8DCA3FD6F5ABCA45B87A4",rejected,"Reopen wide role rollouts only with a deterministic evidence-comparability design and a new counterexample not explained by incomplete timed evidence"
SCORE-ROLE-018-CAUSAL,2026-08-01,PERF-DEADLINE-001,rejected-measurement-design,"The first deadline-role general screen changed masks even when spot_count<=8 made the candidate stage unreachable, proving cross-binary wall-clock confounding","Run the same binary twice with only the research wide-slack switch disabled/enabled","Identical binary/code layout/day planner/PERF parent; official lexicographic score; 5000 ms role/day cap; exact simulator/validator; zero invalid/emergency","Same-binary seeds 340000-340005","Candidate appeared 0/3/3 even though the wide stage was unreachable; toggling a timed path is not a deterministic causal A/B when wall-clock cutoff changes incumbent construction","research/holdouts/SCORE-ROLE-018-CAUSAL.csv SHA256 2626EED2A950B53CBF7915DFD9316695D5EA0C0195CAD4DCF6171A4334573F15","No BTC-like seed opened",not-run,rejected,"Reopen only with fixed-operation evidence or explicit completeness telemetry; do not interpret wall-clock mask drift as a mechanism score"
SCORE-ROLE-019,2026-08-01,PERF-DEADLINE-001,rejected-validity-as-completeness,"BTC m-1252 low-fuel role selection returned all patrols and finished 6/52/138 while exact-valid one-tanker counterfactuals restored daily coverage to 60","Track whether every narrow-beam assignment returned a valid full-horizon plan; under low fuel and any invalid rollout, prohibit all-patrol from winning the cutoff","Official lexicographic comparator; no seed/match/map-family/tanker-ID routing; 5000 ms; exact simulator/validator; zero invalid/emergency","Frozen general seeds 350000-350005","All six plans were valid and the mechanism did not causally act; two mask/serving differences across separate timed processes were wall-clock noise","research/holdouts/SCORE-ROLE-019.csv SHA256 4950DD5E3EBF4C73E520374C43190A13AA9E50C0033587DA7C00BB84B85DF957","BTC-like seeds were not opened under this mechanism because rolloutValid did not measure equal-depth deadline completion",not-run,rejected,"Reopened immediately as SCORE-ROLE-020 only after adding explicit per-stage deadline-completion telemetry; the old manifest is retired"
SCORE-ROLE-020,2026-08-01,PERF-DEADLINE-001,safe-scoped-deadline-complete-lowfuel-fallback,"BTC m-1252 mixed unequal-depth timed role evidence and returned all patrols at 6/52/138; exact one-tanker counterfactuals reached 6/60/315 and 6/60/284","Track rolloutComplete separately from rolloutValid; if any narrow-beam evidence is incomplete and fuelLimit<=max(daySteps), prohibit all-patrol and return the best existing exactly-one-tanker assignment by the official comparator","Official lexicographic comparator; no weighted sum; no seed/match/map-family/tanker-ID routing; original narrow beam and 5000 ms boundaries; default/high fuel unchanged; exact simulator/validator; zero invalid/emergency; BTC final authority","m-1252 attribution; BTC-like low-fuel seeds 760000-760003 development only","Unit branches pass; development causal 1/3/0 with seed760001 mask0 6/60/160 versus mask32 6/60/422; zero invalid/emergency","research/holdouts/SCORE-ROLE-020.csv SHA256 12193CD454ACBF9EA5248C9CBB1A24DE46FA0F67BD280519929099834B4081D8","General 6, BTC-low 4, default 2 and high 2 were 14 causal ties after same-mask cutoff noise and two crossover reproductions were excluded; zero invalid/emergency; no systematic tier downside","m-1255 mask64 in 3911 ms; 10/10 HTTP 200 valid; validator all days; max solver 2564 ms; zero emergency/overrun; rank1 6/60/247 versus 6/60/222 next; replay SHA256 E3A467251223CE545680DE2731C336805FA6A9788A8CB48D1F71A425AAADC3B0",inconclusive,"Retained only as safe scoped evidence; superseded by SCORE-ROLE-021 because default-fuel 10-day timed selection can also flip all-patrol and lose tier 2; no commit"
SCORE-ROLE-021,2026-08-01,PERF-DEADLINE-001,accepted-long-horizon-incomplete-fallback,"Default-fuel 10-day seed771001 crossed between all-patrol 6/56 or 6/50 and one-tanker 6/60 solely with run order; unequal-depth timed role evidence can lose tier 2 across fuel regimes","For horizons longer than five days, if any narrow-beam role rollout hits an internal deadline, prohibit all-patrol and return the best existing exactly-one-tanker assignment; preserve 4/5-day horizons","Official lexicographic comparator; no seed/map/fuel/tanker routing; original beam and 5000 ms; exact validator; zero invalid/emergency; BTC final authority","No score before manifest freeze","Unit tests pass; short-horizon branch protected","research/holdouts/SCORE-ROLE-021.csv SHA256 31D9677FC73E4189CD2FC6604979427E349808E776827020359430CF7F229325","Frozen screen 3/15/0 causal with zero invalid/emergency: general 6 ties; low/default 8 same-mask ties; high seed782001 gained daily +2, seed782002 gained daily +3 and reproduced +8, seed782003 gained 67 servings, seed782000 tied","m-1255 low fuel rank1 6/60/247 with 10/10 valid; m-1257 exposed a submission-floor block rather than a role invalidity; composed PERF-DEADLINE-002 target m-1258 selected mask16 and finished rank1 6/60/415 with 10/10 HTTP200 valid, zero skip/WAIT/emergency/overrun, replay SHA256 6BA3E14F97259CB0259DEB4F014C6FF86DBC28EE71ED6BC58143052C2C499D1B",accepted,"Reopen only on a new frozen counterexample showing a systematic or material role regression, invalid/emergency output, or a 5000 ms target-host violation; do not retune on opened fixtures"
PERF-DEADLINE-002,2026-08-01,PERF-DEADLINE-001+SCORE-ROLE-021,accepted-submit-floor-800,"BTC m-1257 discarded four exact-valid decisions with 989-1498 ms remaining because the final HTTP gate required 1500 ms, producing server WAIT and 6/52/254","Keep the 1600 ms solver network reserve and all search/actions unchanged; lower only the final submission go/no-go floor to 800 ms; retain authoritative post_until_deadline and exact WAIT below the floor","No solver/role/comparator/action change; exact simulator/validator; no invalid/stale action; internal 5000 ms hard cap; BTC target-host final authority; report p95/p99/tail rather than local latency","366 replay files and 794 successful action POSTs plus m-1257 skip attribution","Archive POST RTT p50 13 ms p95 81 ms p99 594 ms max 4773 ms; 8 above 500 ms and 4 above 1000 ms; m-1257 observed 8-12 ms except one 443 ms; 800 ms is p99 plus 206 ms margin","research/holdouts/PERF-DEADLINE-002.csv SHA256 2A52D220E342B2780063DE65D3F0DE4FE4DF75B931F3B508E4C355A403144A57","Replay audit showed all four m-1257 skips had at least 800 ms remaining; fresh m-1258 then submitted all 10 days with HTTP200, zero skip/WAIT/emergency/overrun, max solver 3130 ms and POST RTT 7-49 ms","m-1258 rank1 6/60/415 versus 6/60/363, 360 and 351; independent validator accepted every plan; replay SHA256 6BA3E14F97259CB0259DEB4F014C6FF86DBC28EE71ED6BC58143052C2C499D1B",accepted,"Reopen only if a fresh target-host sample shows invalid/stale submission or a systematic loss caused by the 800 ms final gate; solver reserve remains 1600 ms"
PERF-ATTRIB-002,2026-08-01,6f84a06,observational-harness-only,"PERF-DEADLINE-001 first appeared to lose tier-3 score on three fixed-role BTC-scale screens","Record per-day exact score, deadline and deterministic plan identity for parent and candidate on seeds 700000/710000/720000 without altering score logic","No production logic change during attribution; fixed roles and identical fixtures; exact simulator/independent validator; 5000 ms cap; opened seeds are development only; no use of SCORE-ROLE-016 holdout for tuning","BTC-scale fixed-role seeds 700000 default, 710000 low, 720000 high","Every run preserved 6/60 and validated; all days were deadline-limited and action hashes varied; low flipped candidate delta from -13 to +14 and high from -7 to tie, so no stable causal regression exists to ablate",not-opened,"No logic holdout opened",not-run,inconclusive,"Do not create PERF-DEADLINE-002 from local tier-3 noise; reopen only if target-host telemetry exposes a stable attributed failure"
SCORE-ROLE-015,2026-08-01,6f84a06,working-tree-attribution,"SCORE-ROLE-014 runs the fixed production-width portfolio every day but mask 4 still misses one daily brand on days 2 and 3; the frozen production solver accepted an independent-planner candidate each day, but the replay does not expose that candidate's exact score or whether it became the final incumbent","Add observational replay fields for the independent candidate exact score and stable-id equality with the final selected candidate; run the frozen parent logic on m-1143 mask 4 without changing generation, comparison, deadlines or actions","No decision, candidate-pool, comparator, deadline or action semantics change; exact simulator/validator remain authoritative; m-1143 only; no holdout or promotion authority","m-1143 mask-4 stage attribution only",pending,not-opened,not-opened,not-run,inconclusive,"Use the result only to select the earliest missing production stage; remove instrumentation before any logic candidate"
SCORE-ROLE-014,2026-08-01,6f84a06,rejected-working-tree,"SCORE-ROLE-013 preserves all m-1143 mask-4 lifetime brands but reaches only daily 22 because fixed MacroMCTS is used only on days 2-3 and the cheap day-4 continuation falls to 4 daily; the frozen production sequence is 7,6,8,6 versus 7,5,6,4","For every remaining day after the fixed production-quality day-1 seed, run the same fixed 64-rollout MacroMCTS seed plus production-width portfolio and 40000-combination exact master, advance its lexicographic maximum with the cheap candidate, and retain the complete no-seed whole-horizon floor","Official lexicographic order; exact simulator/validator agreement each day; fixed operation counts; no stopping after lifetime coverage because tier-2 witnesses remain live; original rollout additive; no map/seed/family dispatch; unchanged width/depth/rollout caps; 5000 ms hard cap; BTC final authority","m-1143 one-shot full-horizon gate, then repeat stability and m-1138/m-0929 only on pass","At 4250 ms mask 4 reached only 13/25/26 with daily sequence 7/8,5/5,7/7,6/6, below the frozen 13/27/28 target; mask 2 ranked first at 13/27/27 and all-patrol scored 13/25/27. The candidate completed and validated but failed the first preregistered score gate",not-opened,"Rejected before repeat, m-1138, m-0929 and holdout; source will be fully reverted",not-run,rejected,"Reopen a production continuation stage only after attribution identifies which additive stage supplies the missing day-2/day-3 daily brand; do not increase existing operation caps"
SCORE-ROLE-013,2026-08-01,6f84a06,rejected-working-tree,"SCORE-ROLE-012 closes the m-1143 mask-4 day-1 gap at 7/8, but its fixed cheap continuation from that exact terminal state loses a lifetime brand and ends at 12/21/22","Keep the fixed production-quality day-1 seed, then on each later day while lifetime brands remain missing add one deterministic 64-rollout MacroMCTS continuation candidate to the fixed cheap portfolio result; exact-evaluate both, advance their lexicographic maximum, and retain the original complete no-seed rollout as a whole-horizon floor","Official lexicographic order; exact simulator/validator agreement on every advanced day; fixed operation counts determine ranking; original rollout and day-1 seed remain additive; no map/seed/family dispatch; no changed width/depth; 5000 ms hard cap; BTC final authority","m-1143 one-shot full-horizon gate, then repeat stability and m-1138/m-0929 only on pass","Two stable runs at 884 and 835 ms restored mask 4 lifetime coverage to 13 but only reached 13/22/24, below all-patrol 13/24/27. Its exact daily sequence was 7/8,5/5,6/7,4/4 versus the frozen production sequence 7/8,6/6,8/8,6/6; MacroMCTS ran only on days 2-3 because the lifetime-only trigger stopped after all brands were reached",not-opened,"Rejected before m-1138, m-0929 and holdout because mask 4 still lost tier 2 on the first gate; source will be fully reverted",not-run,rejected,"Reopen continuation only with a tier-2-aware trigger that keeps production-quality search active after lifetime coverage is complete; do not change the fixed rollout count or portfolio caps"
SCORE-ROLE-012,2026-08-01,6f84a06,rejected-working-tree,"The earliest measured m-1143 mismatch is day 1: the complete fixed role probe scores mask 4 at 4/4, while the frozen 5000 ms production counterfactual scores the same authoritative initial state at 7/8","For each deterministic three-role beam member, generate one day-1 seed with a fixed 64-rollout deterministic MacroMCTS and a deadline-free production-width portfolio (4 paths, 16 columns, 12 targets, 16 escorts, 4 harvest sources, production depth); retain the seed as an atomic bundle, solve at a fixed 40000 master-combination cap, continue its exact terminal state with the fixed cheap evaluator, and take the lexicographic maximum with the original complete rollout","Official lexicographic order; exact simulator/validator agreement for seed and continuation; fixed operation counts determine ranking; original complete rollout is an additive floor; no map/seed/family dispatch; no width/depth tuning after m-1143; internal and outer hard cap 5000 ms; BTC final authority","m-1143 one-shot day-1 gate, then repeat stability and m-1138/m-0929 only on pass","Two runs were stable at 698 and 798 ms. Mask 4 closed the day-1 gap exactly at 7/7/8, but continuation from that terminal state ended at 12/21/22; the additive no-seed floor was 13/20/20, so the production seed was correctly not selected and all-patrol remained rank 1 at 13/24/27",not-opened,"Rejected before m-1138, m-0929 and holdout because the authoritative m-1143 full-horizon role counterexample remained; source fully reverted",not-run,rejected,"Reopen the production seed only with a fixed-operation continuation that preserves lifetime coverage from its exact terminal state; do not retune day-1 width, depth or rollout count"
SCORE-ROLE-011,2026-08-01,6f84a06,rejected-working-tree,"On m-1143 the fixed narrow day1 role portfolio selects a valid atomic post-refuel extension, while the wider full-horizon bounded master retains two atomic extensions but selects none","For every role/day evaluate nested narrow and wide fixed-operation portfolios independently and advance the exact lexicographic maximum; a larger bounded search can add a witness but cannot erase the complete narrow incumbent","Official lexicographic order; exact simulator/validator agreement; both passes fixed-operation and deadline-free internally; original and extended columns retained; no map/seed dispatch; whole policy rejected above 5000 ms; BTC final authority","m-1143 repeated stability, then m-1138 and m-0929 only on pass","At 1946 ms the nested lexicographic maximum still ranked PPP 13/27/27 above PPT 13/23/23 and PTP 13/21/21. PPT chose its narrow portfolio on one of four days but gained no full-horizon score; its post-refuel trace was 22 eligible / 5 generated / 5 retained / 4 atomic / 0 selected",not-opened,"Rejected before repeat, m-1138, m-0929 and holdout because mask 4 remained noncompetitive; source fully reverted",not-run,rejected,"Reopen only with a production-quality day-1 seed that first closes the measured mask-4 probe gap from 4/4 to the frozen exact counterfactual 7/8 without map-specific routing"
SCORE-ROLE-010,2026-08-01,6f84a06,rejected-working-tree,"Role rollout still compares wall-clock-dependent partial/fallback evidence; m-1143 proves a post-refuel atomic route is selectable on day1 but full-horizon attribution is unstable","Use a genuinely fixed-operation complete role pass: deterministic full cheap scan, fixed one-day probe and fixed full-horizon beam with no internal wall-clock cutoff; add bounded post-refuel extension and observational stage counters; reject the whole candidate if completed wall clock exceeds 5000 ms","Every ranked rollout covers the same full horizon; official lexicographic order; exact simulator/validator agreement; fixed operation caps; no map/seed dispatch; no partial score; 5000 ms hard acceptance cap; BTC final authority","m-1143 stability and attribution, then only if passed m-1138 and m-0929","Two repeated runs were score/mask/counter identical at 465 and 403 ms: PPP 13/27/27; PPT 13/23/23 with 14 eligible / 3 generated / 3 retained / 2 atomic / 0 selected; PTP 13/21/21 with 12/1/1/1/1. Timing noise was removed but the exact-winning mask4 remained noncompetitive",not-opened,"Rejected before m-1138/m-0929 and holdout because the first score gate failed; source fully reverted",not-run,rejected,"Reopen fixed-operation evaluation only as the base for an additive nested-portfolio lex-max that preserves complete narrow and wide witnesses"
SCORE-ROLE-009,2026-08-01,6f84a06,reverted-working-tree-attribution,"SCORE-ROLE-008 completes without timeout but post-refuel expansion leaves m-1143 tanker rollout score unchanged, so the first loss boundary is unknown","Reproduce the rejected operation-bounded pass with counters only at post-refuel source eligibility, extension generation, post-prune retention, atomic companion survival and exact-master selection; do not alter comparator or operation caps","Same SCORE-ROLE-008 generation and selection semantics; counters are observational only; official lexicographic order; exact simulator/validator agreement; 5000 ms hard cap; no holdout or promotion authority","m-1143 attribution only","A full pass first showed PPT 14 eligible / 3 generated / 3 retained / 0 selected and PTP 12/1/1/1. After adding the atomic counter, two runs fail-closed to day1 probes at 1616 and 1565 ms; PPT day1 was 2 eligible / 1 generated / 1 retained / 1 atomic / 1 selected. Thus the extension and tanker companion are selectable on day1, but full-horizon attribution is not stable because the alleged operation-bounded path still carries internal wall-clock deadlines",not-opened,"No holdout opened; source fully reverted",not-run,inconclusive,"Reopen only with a genuinely fixed-operation full-horizon evaluator that cannot compare or expose a partially completed pass"
SCORE-ROLE-008,2026-08-01,6f84a06,rejected-working-tree,"Fixed-operation role evaluation is stable but misses post-refuel value; adding post-refuel routes to the timed evaluator causes partial tier1 scores","Evaluate post-refuel harvest extensions only inside a fixed-operation role pass; remove the timed independent generator and discard the whole probe/full pass if any member reaches its deadline, so incomplete evidence cannot rank masks","Official lexicographic order; exact refuel/escort semantics; exact simulator/validator agreement; all 2^N masks retain cheap scan; no partial-score comparison; no map/seed dispatch; 5000 ms hard cap; BTC final authority","m-1143 32x32 3-agent 4-day opened development counterexample","At 5000 ms the complete pass finished in 544 ms but still ranked PPP 13/27/27 above PPT 13/23/23 and PTP 13/21/21; post-refuel extensions did not make the exact-winning tanker role competitive",not-opened,"Rejected before holdout; m-1138 and m-0929 were not run because the first preregistered gate already failed",not-run,rejected,"Reopen only after attribution proves where a valid post-refuel column is lost or undervalued between generation, pruning, atomic synchronization and exact master evaluation"
SCORE-ROLE-007,2026-08-01,6f84a06,rejected-working-tree,"Post-refuel harvest columns exceed the current role cutoff, while the exact validated day1 witness is redundantly recomputed between probe and full beam rollout","Checkpoint exact probe state/ledger/own-traffic and resume the same role witness at day2; spend the equivalent-semantics saved work on additive post-refuel harvest extensions that retain the exact refuel event and escort group","Official lexicographic order; full-horizon continuation of the same validated witness; exact simulator/validator agreement; no metric or traffic-history change; no map/seed dispatch; 5000 ms hard cap; BTC final authority","m-1143; m-1138; m-0929 opened development counterexamples","First m-1143 run selected PPT at 1412 ms; second identical run selected PTP at 1638 ms. m-1138 retained mask16 and m-0929 retained mask8, but tanker identity on the original counterexample remained wall-clock dependent",not-opened,"Rejected before holdout because repeated same-binary role selection was unstable",not-run,rejected,"Reopen progressive caching only after the role comparator uses complete operation-bounded evidence rather than partial wall-clock rollout scores"
SCORE-ROLE-006,2026-08-01,6f84a06,rejected-working-tree,"Rendezvous patrol columns stop after one post-refuel target and the generic harvest-extension stage excludes every escort/refuel column, so role rollout cannot price the harvest capacity unlocked by a tanker","Permit additive harvest extensions from a non-lockstep patrol column with one exact refuel event while retaining its escort group and tanker synchronization; enable only for role rollout","Official lexicographic order; exact refuel event and escort compatibility retained; exact simulator/validator agreement; original columns retained; no map/seed dispatch; 5000 ms hard cap; BTC final authority","m-1143 role-ranking counterexample","Role evaluation slowed to 1762 ms and every beam member fell to lifetime 12; the additional search consumed the bounded window before tier1 coverage was recovered",not-opened,"Rejected before holdout on a tier1 development regression",not-run,rejected,"Reopen only after an equivalent-semantics speedup creates measured headroom; do not add more route work inside the current cutoff"
SCORE-ROLE-005,2026-08-01,6f84a06,rejected-working-tree,"Rendezvous quota is consumed in patrol-index order and per-agent pruning can retain only one side of an escort group, so tanker-enabled witnesses disappear before the role master","After ordinary pruning restore the highest-ranked complete escort group for every observed patrol-tanker pair; enable this additive portfolio coverage only in pre-match role rollout","Official lexicographic order; exact simulator/validator agreement; original route columns retained; no map/seed dispatch; 5000 ms hard cap; zero tier-1/tier-2 regression; BTC final authority","m-1143 role-ranking counterexample","No ranking improvement: PPP remained 13/25/27 while PPT remained 13/20/21 at 845 ms; the restored atomic groups were not the earliest missing witness",not-opened,"Rejected before holdout because the development score was unchanged",not-run,rejected,"Reopen escort-pair preservation only for a separate portfolio-integrity audit; the role gap requires richer post-refuel harvest routes"
SCORE-ROLE-004,2026-07-31,6f84a06,rejected-working-tree,"Role masks change across repeated runs because timed blank-slate and partial column/master witnesses are compared as if equally complete","For live role selection remove the timed independent generator; use fixed portfolio/master operation caps for one-day probes and full-horizon beam rollouts; discard an entire probe or rollout pass if any member hits its deadline so partial scores never determine the mask","Official lexicographic order; full-horizon rollout; exact simulator/validator agreement; all 2^N masks retain cheap scan; zero invalid/emergency; total hard cap 5000 ms; deterministic structural fallback; no map/seed dispatch; BTC final authority","m-1143 opened development counterexample","Stable 477 ms evaluation still ranked PPP at 13/27/27 above PTP 13/24/24 and PPT 13/23/23; exact frozen day solver scores PPT at 13/29/29, so fixed operation counts removed timing noise but did not repair tanker-value underestimation",not-opened,"Rejected before holdout because the original score counterexample remained",not-run,rejected,"Reopen only with a role evaluator that models refuel-enabled future value tightly enough to rank the exact m-1143 counterfactual without map-specific bias"
SCORE-ROLE-003,2026-07-31,6f84a06,no-source-change,"Timed role ranking is unstable across repeated runs and the three opened 32x32 replays disagree on the best tanker identity","Use the deterministic central one-tanker assignment as the global role policy","Official lexicographic order; exact simulator/validator agreement; zero invalid/emergency; 5000 ms hard cap; no map/seed dispatch; BTC final authority","Opened development counterexamples m-1143 mask4; m-1138 mask4; m-0929 mask128","m-1143 exact 13/29/29 and m-1138 exact 6/60/338; m-0929 exact 6/60/362 versus parent mask8 6/60/367",not-opened,"Rejected before holdout because the third development counterexample lost tier3",not-run,rejected,"Reopen centrality only as a deterministic beam seed inside an operation-bounded evaluator; never as the final selector"
EVAL-BUDGET-001,2026-07-31,6f84a06,governance-only,"Historical tournament budgets did not match observed standard BTC budget","Reclassify 60000 ms as primary, 5000 ms as preflight, and 500/1200/2500 ms as diagnostics","Lex score; zero invalid; paired fixtures; no solver change","BTC preflight m-1181","All four gates passed; slowest 279/5000 ms; rank 1 with 1 brand and 20 servings",pending,pending,"m-1042 showed 60000 ms standard team-vs-team; m-1181 preflight showed 5000 ms",accepted,"Reopen budget classification only when BTC publishes a different official match deadline"
SCORE-ROLE-001,2026-07-31,6f84a06,rejected-working-tree,"On 32x32 BTC m-1143 live all-patrol scored 13/26/29 and ended day 2 at fuel 1/0/5; exact replay mask 4 scored 13/29/29 while role rollout predicted only 13/20/21","Replace the narrow full-horizon role rollout with the production-width route frontier under the existing assignment deadlines","Official lexicographic order; exact simulator/validator agreement; zero invalid/emergency; 5000 ms hard cap; zero tier-1/tier-2 regression; BTC final authority","m-1143 SHA256 5E4E20BCB6DFA22648D4D6ACB978D914CDC29263288D5F2B4282A1F15D63669C","selector changed PPP to PTP; rollout and exact counterfactual both scored 13/27/27 versus live PPP 13/26/29","A0EFA97CBAFDAB20CC465DD3C8399F0F1F21E1EE3B1150CAD75190CD53F5177E","m-1138 parent mask16 exact score 6/60/326; candidate selected mask0 and fell to 6/45/140",not-run,rejected,"Reopen only if richer evaluation is monotonic per role by retaining every better parent rollout result instead of replacing it at a wall-clock cutoff"
SCORE-ROLE-002,2026-07-31,6f84a06,rejected-working-tree,"SCORE-ROLE-001 improved m-1143 but regressed m-1138 because incomplete production-width rollout overwrote a stronger narrow-rollout witness","For each timed role assignment keep the exact lexicographic maximum of the parent narrow rollout and a production-width rollout using only remaining assignment time","Official lexicographic order; per-role rollout score cannot decrease from parent; exact simulator/validator agreement; zero invalid/emergency; 5000 ms hard cap; zero tier-1/tier-2 regression; no map/seed dispatch; BTC final authority","m-1143 and m-1138 development counterexamples","m-1143 selected mask2 exact 13/27/27 versus live parent 13/26/29; m-1138 preserved mask16 exact 6/60/327","84EC428C05962FA04A659D54934F45657A14697AC0D6B1DD607ED5FD69D3972B;858F364B2F1DB52BCCC7FA26FEDEF98EE1AFFB8E265B75609DB18625C97A3025;4DD0DA129F5D5763265E9B2DD51628E24064A51979F8C6660E93213F34E29C3F;B5B9390D9946620652B7F63358CFC22FD3BDDB378311FA266A3314146AAB12D7;913DE968028031F4D48B1607478D167342C6054AD4CC4B8463B0A6FD1E3619AC;1CEF1F376ABF1C60D2A31F6B248C10D07D75FFCFA4A46F8005BB6BD8EA9ABFF2;042047349C10DC4904765EAA03242687092E8ECB1ADB77E6F0864FB66F078240;9E3D1442D067309F3A4E78329A603B42A1157A2810182061561D4D576521D35A;290A28B1A87B54DF68F5C12B5032CF36C4F9A38D65D4C8C2105CA8DB56B5927A;013A8431FE3815F293FA58EF7396143F91B6DBEDB8E20ED06378562AC0CF4805;0D041EEA109B167B9951D5541D9D29B1220144AC2E8036D3B379ACC95825C865;15A6B1ED542B49D0F4B11BC745DCDB5D5DDE936FB060E0726F15B12EC6E4A1E3","primary exact 0/6/0; secondary m-0929 parent mask8 6/60/367 versus candidate mask32 6/60/357",not-run,rejected,"Reopen only with deterministic or operation-bounded role evaluation whose selected mask is stable across repeated runs"
